"id_question","id_version","version","date_creation","module","theme","type_item","niveau","public_cible","role_test","enonce_fr","options_fr","reponse_correcte","explication_fr","action_fr","idee_fausse_ciblee","enonce_en","options_en","explication_en","action_en","statut_traduction","source_documentaire","id_inventaire","secteur_validateur","date_validation","date_revision_prevue","visa_validation","statut","sensibilite","motif_suspension","historique","indice_difficulte","indice_discrimination","distracteur_dominant","n_observations","date_calcul_psy","media_associe","audio_ref","schema_version"
"DUSSC-M00-001","DUSSC-M00-001-v1","1","2026-08-02","M00","Interdépendance santé humaine / animale","Situation","Grand public","A1;A2;A3;C1;C2","Ancre pré-test","Dans votre quartier, plusieurs poulets d'un élevage voisin meurent en deux jours. Qui est concerné par cette situation ?","[""Le propriétaire, le service vétérinaire et le service de santé, car certaines maladies des volailles peuvent aussi toucher les personnes"", ""Seulement le service vétérinaire"", ""Seulement le propriétaire des poulets"", ""Personne, tant que les poulets ne sont pas vendus""]","A","Une mortalité anormale chez les volailles peut annoncer une maladie transmissible à l'être humain. C'est pourquoi les services vétérinaires et sanitaires travaillent ensemble.","Signalez toute mortalité inhabituelle au centre zootechnique et vétérinaire le plus proche.","« Les maladies des animaux ne concernent que les vétérinaires »","In your neighbourhood, several chickens from a nearby farm die within two days. Who is concerned by this situation?","[""The owner, the veterinary service and the health service, because some poultry diseases can also affect people"", ""Only the veterinary service"", ""Only the owner of the chickens"", ""Nobody, as long as the chickens are not sold""]","Unusual deaths among poultry may signal a disease that can be passed to people. This is why veterinary and health services work together.","Report any unusual animal deaths to the nearest zootechnical and veterinary centre.","Traduit","","INV-A-001","MINEPIA;MINSANTE","","","","En revue éditoriale","Standard","","2026-08-02 création v1 — rédaction initiale, français et anglais","","","","","","","","1.0"
"DUSSC-M00-002","DUSSC-M00-002-v1","1","2026-08-02","M00","Origine animale des maladies","Connaissance","Grand public","A3;C1;C2;D3","Question courante","Parmi ces affirmations, laquelle est exacte ?","[""Les maladies des animaux ne se transmettent jamais aux personnes"", ""Seuls les animaux sauvages peuvent transmettre des maladies"", ""De nombreuses maladies humaines nouvelles proviennent des animaux"", ""Seuls les animaux domestiques peuvent transmettre des maladies""]","C","Une grande partie des maladies infectieuses nouvelles chez l'être humain provient des animaux, sauvages comme domestiques. C'est le fondement de l'approche Une Seule Santé.","Protégez-vous lors de tout contact avec un animal malade ou mort, quel qu'il soit.","« Les maladies animales et humaines n'ont rien à voir entre elles »","Which of these statements is correct?","[""Animal diseases are never passed to people"", ""Only wild animals can pass on diseases"", ""Many new human diseases come from animals"", ""Only domestic animals can pass on diseases""]","A large share of new infectious diseases in people comes from animals, both wild and domestic. This is the basis of the One Health approach.","Protect yourself during any contact with a sick or dead animal, whatever the species.","Traduit","","INV-A-001","MINSANTE;MINEPIA","","","","En revue éditoriale","Standard","","2026-08-02 création v1 — rédaction initiale, français et anglais","","","","","","","","1.0"
"DUSSC-M00-003","DUSSC-M00-003-v1","1","2026-08-02","M00","Rôle du citoyen","Attitude","Grand public","A1;A2;A3;C1","Question courante","Quel est le rôle d'un simple citoyen dans l'approche Une Seule Santé ?","[""Aucun, c'est l'affaire des spécialistes"", ""Observer ce qui est inhabituel autour de lui, se protéger et signaler aux services compétents"", ""Soigner lui-même les animaux malades"", ""Interdire l'élevage près des habitations""]","B","Les services de surveillance ne peuvent pas être partout. Ce sont souvent les habitants qui remarquent les premiers une mortalité anormale ou une maladie inhabituelle.","Retenez le numéro ou l'adresse de votre centre de santé et de votre centre zootechnique et vétérinaire.","« La santé publique est l'affaire des autorités uniquement »","What is the role of an ordinary citizen in the One Health approach?","[""None, it is a matter for specialists"", ""To notice what is unusual around them, protect themselves and report to the competent services"", ""To treat sick animals themselves"", ""To ban livestock keeping near homes""]","Surveillance services cannot be everywhere. It is often residents who first notice unusual deaths or an unfamiliar disease.","Keep the contact details of your health centre and your zootechnical and veterinary centre.","Traduit","","INV-A-001","MINSANTE","","","","En revue éditoriale","Standard","","2026-08-02 création v1 — rédaction initiale, français et anglais","","","","","","","","1.0"
"DUSSC-M00-004","DUSSC-M00-004-v1","1","2026-08-02","M00","Orientation vers les services","Orientation","Grand public","A1;A2;B1;B2","Question courante","Vous constatez qu'un animal de votre élevage est malade. Quel service devez-vous contacter en priorité ?","[""Le centre de santé"", ""La pharmacie"", ""La mairie"", ""Le centre zootechnique et vétérinaire de votre arrondissement""]","D","Les questions de santé animale relèvent des services vétérinaires. Ils déterminent s'il existe un risque pour les autres animaux et pour les personnes.","Contactez le centre zootechnique et vétérinaire. En cas de doute, informez aussi le centre de santé.","« Il n'existe pas de service à contacter pour un animal malade »","You notice that an animal on your farm is sick. Which service should you contact first?","[""The health centre"", ""The pharmacy"", ""The council"", ""The zootechnical and veterinary centre of your subdivision""]","Animal health matters fall to the veterinary services. They determine whether there is a risk for other animals and for people.","Contact the zootechnical and veterinary centre. If in doubt, inform the health centre as well.","Traduit","","INV-A-001","MINEPIA","","","","En revue éditoriale","Standard","","2026-08-02 création v1 — rédaction initiale, français et anglais","","","","","","","","1.0"
"DUSSC-M00-005","DUSSC-M00-005-v1","1","2026-08-02","M00","Collaboration multisectorielle","Connaissance","Intermédiaire","A3;C2;D1;D2;D3","Question courante","Pourquoi les services de santé humaine, de santé animale et de l'environnement travaillent-ils ensemble ?","[""Pour partager les mêmes bureaux"", ""Parce que de nombreux problèmes de santé naissent au contact entre les personnes, les animaux et l'environnement"", ""Parce que la loi les y oblige sans raison technique"", ""Pour réduire le nombre de fonctionnaires""]","B","Une maladie qui apparaît chez l'animal peut toucher l'être humain, et un environnement dégradé favorise les deux. Agir séparément revient à traiter la moitié du problème.","Lorsque vous signalez un événement, précisez s'il concerne des personnes, des animaux ou les deux.","« Chaque ministère travaille seul sur son domaine »","Why do human health, animal health and environment services work together?","[""To share the same offices"", ""Because many health problems arise where people, animals and the environment meet"", ""Because the law requires it, without any technical reason"", ""To reduce the number of civil servants""]","A disease appearing in animals can reach people, and a damaged environment favours both. Acting separately means treating half of the problem.","When you report an event, state whether it involves people, animals or both.","Traduit","","INV-A-001","MINSANTE;MINEPIA;MINEPDED","","","","En revue éditoriale","Standard","","2026-08-02 création v1 — rédaction initiale, français et anglais","","","","","","","","1.0"
"DUSSC-M00-006","DUSSC-M00-006-v1","1","2026-08-02","M00","Environnement et santé","Situation","Grand public","A1;A2;A3;C1;C2","Question courante","Une décharge non gérée s'est formée à côté des habitations de votre quartier. Quel risque sanitaire cela crée-t-il ?","[""Aucun, ce n'est qu'un problème d'apparence"", ""Elle n'a d'effet que sur les animaux"", ""Elle protège les habitations du vent"", ""Elle attire rongeurs, mouches et moustiques, qui peuvent transmettre des maladies""]","D","Les déchets accumulés offrent nourriture et abri aux rongeurs et aux insectes. Ces animaux transportent des germes jusqu'aux habitations et aux aliments.","Signalez la décharge à votre commune et évitez d'y jeter des restes alimentaires.","« Les déchets ne sont qu'un problème de propreté »","An uncontrolled rubbish dump has formed next to the homes in your neighbourhood. What health risk does this create?","[""None, it is only a matter of appearance"", ""It only affects animals"", ""It shelters the homes from the wind"", ""It attracts rodents, flies and mosquitoes, which can carry diseases""]","Piled-up waste offers food and shelter to rodents and insects. These animals carry germs into homes and onto food.","Report the dump to your council and avoid throwing food waste there.","Traduit","","INV-A-001","MINEPDED;MINSANTE","","","","En revue éditoriale","Standard","","2026-08-02 création v1 — rédaction initiale, français et anglais","","","","","","","","1.0"
"DUSSC-M00-007","DUSSC-M00-007-v1","1","2026-08-02","M00","Santé des végétaux","Connaissance","Intermédiaire","A3;C2;D2","Question courante","L'approche Une Seule Santé au Cameroun repose sur quatre piliers. Lequel est souvent oublié ?","[""La santé des végétaux"", ""La santé animale"", ""La santé humaine"", ""La santé environnementale""]","A","La santé des végétaux fait partie intégrante de l'approche : les maladies des cultures, les pesticides et la sécurité alimentaire ont des effets directs sur la santé des personnes.","Renseignez-vous auprès des services agricoles avant tout traitement des cultures.","« Une Seule Santé ne concerne que les humains et les animaux »","The One Health approach in Cameroon rests on four pillars. Which one is often forgotten?","[""Plant health"", ""Animal health"", ""Human health"", ""Environmental health""]","Plant health is part of the approach: crop diseases, pesticides and food security have direct effects on people's health.","Seek advice from the agricultural services before treating your crops.","Traduit","","INV-A-001","MINADER;MINSANTE","","","","En revue éditoriale","Standard","","2026-08-02 création v1 — rédaction initiale, français et anglais","","","","","","","","1.0"
"DUSSC-M00-008","DUSSC-M00-008-v1","1","2026-08-02","M00","Interface et coordination","Situation","Professionnel","D1;D2;D3","Question courante","En tant qu'agent de terrain, vous constatez un événement qui touche à la fois des animaux et des personnes. Que faites-vous ?","[""Je traite uniquement la partie qui relève de mon service"", ""J'attends les instructions de ma hiérarchie avant tout contact"", ""J'informe mon service et j'alerte également le service de l'autre secteur concerné selon le circuit établi"", ""Je conseille aux habitants de se débrouiller""]","C","Un événement à interface exige une réponse conjointe. Informer un seul secteur laisse la moitié du risque sans réponse et retarde l'investigation.","Appliquez le circuit de notification conjoint et documentez chaque transmission d'information.","« Chacun ne signale qu'à son propre service »","As a field officer, you observe an event affecting both animals and people. What do you do?","[""I handle only the part that falls under my own service"", ""I wait for instructions from my hierarchy before making any contact"", ""I inform my service and also alert the service of the other sector concerned, following the established channel"", ""I advise residents to manage on their own""]","An event at the interface calls for a joint response. Informing only one sector leaves half the risk unanswered and delays the investigation.","Follow the joint notification channel and record every transmission of information.","Traduit","","INV-A-001","MINSANTE;MINEPIA;MINFOF","","","","En revue éditoriale","Standard","","2026-08-02 création v1 — rédaction initiale, français et anglais","","","","","","","","1.0"
"DUSSC-M00-009","DUSSC-M00-009-v1","1","2026-08-02","M00","Vaccination animale et santé humaine","Connaissance","Grand public","A2;B1;C1","Question courante","Faire vacciner les chiens du quartier protège surtout :","[""Uniquement les chiens"", ""Uniquement leurs propriétaires"", ""Les chiens et l'ensemble des habitants, car cela empêche la rage de circuler"", ""Personne, la vaccination est inutile""]","C","La rage humaine vient presque toujours d'un chien. Vacciner suffisamment de chiens interrompt la circulation du virus et protège toute la communauté.","Participez aux campagnes de vaccination antirabique organisées dans votre localité.","« La vaccination du chien ne concerne que son propriétaire »","Vaccinating the dogs in a neighbourhood mainly protects:","[""Only the dogs"", ""Only their owners"", ""The dogs and all residents, because it stops rabies from circulating"", ""Nobody, vaccination is useless""]","Human rabies almost always comes from a dog. Vaccinating enough dogs interrupts the circulation of the virus and protects the whole community.","Take part in the rabies vaccination campaigns organised in your locality.","Traduit","","INV-A-001","MINEPIA;MINSANTE","","","","En revue éditoriale","Standard","","2026-08-02 création v1 — rédaction initiale, français et anglais","","","","","","","","1.0"
"DUSSC-M00-010","DUSSC-M00-010-v1","1","2026-08-02","M00","Interdépendance santé humaine / animale","Situation","Grand public","A1;A2;A3;C1;C2","Ancre post-test","Un éleveur de votre localité constate que ses bêtes tombent malades les unes après les autres. Cette situation concerne :","[""Toute la communauté, car certaines maladies animales peuvent atteindre les personnes et les autres troupeaux"", ""Les services vétérinaires uniquement"", ""Lui seul, c'est son bien"", ""Les acheteurs de bétail uniquement""]","A","Une maladie qui se répand dans un troupeau peut gagner d'autres élevages et, pour certaines maladies, atteindre les personnes en contact avec les animaux ou leurs produits.","Encouragez l'éleveur à contacter sans délai le service vétérinaire.","« La maladie d'un troupeau ne regarde que son propriétaire »","A livestock keeper in your area finds that his animals are falling sick one after another. This situation concerns:","[""The whole community, because some animal diseases can reach people and other herds"", ""The veterinary services only"", ""Him alone, it is his property"", ""Cattle buyers only""]","A disease spreading through a herd can reach other farms and, for some diseases, affect people in contact with the animals or their products.","Encourage him to contact the veterinary service without delay.","Traduit","","INV-A-001","MINEPIA;MINSANTE","","","","En revue éditoriale","Standard","","2026-08-02 création v1 — rédaction initiale, français et anglais","","","","","","","","1.0"
"DUSSC-M01-001","DUSSC-M01-001-v1","1","2026-08-02","M01","Reconnaissance et recours précoce","Situation","Grand public","A1;A2;A3;C1;D1","Ancre pré-test","Votre enfant de 8 ans a une diarrhée liquide très abondante depuis ce matin, comme de l'eau de riz. Que faites-vous en premier ?","[""Je lui donne moins à boire pour arrêter la diarrhée"", ""Je lui donne un antibiotique acheté au marché"", ""J'attends demain pour voir si cela s'arrête"", ""Je lui donne immédiatement une solution de réhydratation orale et je l'emmène sans attendre au centre de santé""]","D","Ce type de diarrhée fait perdre beaucoup d'eau très vite. Le danger vient de la déshydratation, pas de la diarrhée elle-même. Faire boire et consulter tôt sauve la vie.","Rendez-vous au centre de santé dès les premières heures. Ne réduisez jamais les liquides.","« Il faut arrêter de faire boire pour arrêter la diarrhée »","Your 8-year-old child has had very heavy watery diarrhoea since this morning, like rice water. What do you do first?","[""I give the child less to drink to stop the diarrhoea"", ""I give an antibiotic bought at the market"", ""I wait until tomorrow to see whether it stops"", ""I give oral rehydration solution immediately and take the child to the health centre without waiting""]","This kind of diarrhoea causes a very rapid loss of water. The danger comes from dehydration, not from the diarrhoea itself. Drinking and seeking care early saves lives.","Go to the health centre within the first hours. Never reduce fluids.","Traduit","","INV-B-009","MINSANTE","","","","En revue éditoriale","Standard","","2026-08-02 création v1 — rédaction initiale, français et anglais","","","","","","","","1.0"
"DUSSC-M01-002","DUSSC-M01-002-v1","1","2026-08-02","M01","Traitement de l'eau","Situation","Grand public","A1;A2;A3;C1;C2","Question courante","Vous n'êtes pas certain de la qualité de votre eau de boisson. Que faites-vous ?","[""Je la laisse reposer pour que les impuretés descendent"", ""Je la fais bouillir ou j'utilise un produit de traitement recommandé, puis je la conserve dans un récipient propre et couvert"", ""J'y ajoute du citron"", ""Je la bois si elle est claire""]","B","Une eau claire peut contenir des germes invisibles. Seuls l'ébullition ou un produit de traitement adapté les détruisent.","Traitez systématiquement l'eau de boisson en période d'épidémie de diarrhée.","« Une eau claire est une eau potable »","You are not sure about the quality of your drinking water. What do you do?","[""I let it settle so that the dirt sinks"", ""I boil it or use a recommended treatment product, then keep it in a clean covered container"", ""I add lemon to it"", ""I drink it if it looks clear""]","Clear water can still contain germs you cannot see. Only boiling or a suitable treatment product destroys them.","Always treat drinking water during a diarrhoea outbreak.","Traduit","","INV-B-009","MINSANTE;MINEE","","","","En revue éditoriale","Standard","","2026-08-02 création v1 — rédaction initiale, français et anglais","","","","","","","","1.0"
"DUSSC-M01-003","DUSSC-M01-003-v1","1","2026-08-02","M01","Lavage des mains","Connaissance","Grand public","A1;A2;A3;B3;B4;C1","Question courante","À quel moment le lavage des mains au savon est-il le plus important ?","[""Le matin au réveil"", ""Après avoir travaillé"", ""Avant de dormir"", ""Après être allé aux toilettes et avant de préparer ou de manger les aliments""]","D","Ce sont les moments où les germes passent des selles vers la bouche, directement ou par les aliments. Le savon décroche les germes que l'eau seule laisse en place.","Placez de l'eau et du savon près des toilettes et de la cuisine.","« Se rincer les mains à l'eau suffit »","When is handwashing with soap most important?","[""In the morning on waking"", ""After work"", ""Before going to bed"", ""After using the toilet and before preparing or eating food""]","These are the moments when germs travel from stool to the mouth, directly or through food. Soap removes germs that water alone leaves behind.","Keep water and soap near the toilet and the kitchen.","Traduit","","INV-B-009","MINSANTE","","","","En revue éditoriale","Standard","","2026-08-02 création v1 — rédaction initiale, français et anglais","","","","","","","","1.0"
"DUSSC-M01-004","DUSSC-M01-004-v1","1","2026-08-02","M01","Conservation de l'eau","Situation","Grand public","A1;A2;C1","Question courante","Vous avez traité votre eau de boisson. Comment la conservez-vous ?","[""Dans un récipient propre, couvert, dans lequel on puise avec un gobelet réservé à cet usage"", ""Dans un seau ouvert dans la cour"", ""Dans n'importe quel récipient, l'eau est déjà traitée"", ""En y plongeant la main pour puiser""]","A","Une eau bien traitée se recontamine facilement si le récipient est ouvert ou si l'on y plonge les mains. Le stockage compte autant que le traitement.","Utilisez un récipient à couvercle et à robinet lorsque c'est possible.","« Une fois l'eau traitée, il n'y a plus de risque »","You have treated your drinking water. How do you store it?","[""In a clean covered container, drawing water with a cup kept for that purpose"", ""In an open bucket in the yard"", ""In any container, since the water is already treated"", ""By dipping my hand in to draw it""]","Properly treated water is easily contaminated again if the container is open or if hands are dipped into it. Storage matters as much as treatment.","Use a container with a lid and a tap where possible.","Traduit","","INV-B-009","MINSANTE","","","","En revue éditoriale","Standard","","2026-08-02 création v1 — rédaction initiale, français et anglais","","","","","","","","1.0"
"DUSSC-M01-005","DUSSC-M01-005-v1","1","2026-08-02","M01","Solution de réhydratation orale","Connaissance","Grand public","A1;A2;C1;D1","Question courante","Comment préparer correctement un sachet de solution de réhydratation orale ?","[""Avec la moitié de la quantité d'eau indiquée, pour qu'elle soit plus efficace"", ""Avec du lait"", ""Avec la quantité d'eau propre exactement indiquée sur le sachet"", ""Avec une boisson sucrée du commerce""]","C","Une solution trop concentrée aggrave la déshydratation, une solution trop diluée ne réhydrate pas. La quantité d'eau indiquée n'est pas une approximation.","Utilisez de l'eau propre et respectez la dose du sachet. Faites boire par petites gorgées répétées.","« Plus la solution est concentrée, plus elle est efficace »","How should a sachet of oral rehydration solution be prepared correctly?","[""With half the stated amount of water, to make it stronger"", ""With milk"", ""With exactly the amount of clean water stated on the sachet"", ""With a sweet drink from a shop""]","A solution that is too strong worsens dehydration, and one that is too weak does not rehydrate. The stated amount of water is not an approximation.","Use clean water and follow the sachet instructions. Give small sips repeatedly.","Traduit","","INV-B-009","MINSANTE","","","","En revue éditoriale","Standard","","2026-08-02 création v1 — rédaction initiale, français et anglais","","","","","","","","1.0"
"DUSSC-M01-006","DUSSC-M01-006-v1","1","2026-08-02","M01","Alimentation pendant la diarrhée","Situation","Grand public","A1;A2;C1","Question courante","Pendant un épisode de diarrhée chez un enfant, que faut-il faire concernant l'alimentation et les boissons ?","[""Suspendre l'alimentation et les boissons jusqu'à l'arrêt de la diarrhée"", ""Ne donner que de l'eau sucrée"", ""Continuer à faire boire abondamment et à alimenter l'enfant, en plus de la solution de réhydratation"", ""Ne donner que du lait""]","C","Arrêter de nourrir et de faire boire affaiblit l'enfant et aggrave la déshydratation. L'alimentation doit être maintenue pendant et après l'épisode.","Poursuivez l'allaitement ou les repas habituels, en plus de la solution de réhydratation.","« Il faut mettre l'enfant à la diète pendant la diarrhée »","During an episode of diarrhoea in a child, what should be done about food and drink?","[""Stop food and drink until the diarrhoea ends"", ""Give only sugared water"", ""Continue giving plenty to drink and keep feeding the child, in addition to the rehydration solution"", ""Give only milk""]","Stopping food and drink weakens the child and worsens dehydration. Feeding must continue during and after the episode.","Continue breastfeeding or usual meals, in addition to the rehydration solution.","Traduit","","INV-B-009","MINSANTE","","","","En revue éditoriale","Standard","","2026-08-02 création v1 — rédaction initiale, français et anglais","","","","","","","","1.0"
"DUSSC-M01-007","DUSSC-M01-007-v1","1","2026-08-02","M01","Assainissement","Attitude","Grand public","A2;C1;C2","Question courante","Dans un village sans latrines suffisantes, quelle pratique augmente le plus le risque de choléra ?","[""La défécation à l'air libre, surtout près des points d'eau"", ""Balayer les cours chaque matin"", ""Le stockage du bois de chauffe"", ""L'élevage de volailles""]","A","Les selles laissées à l'air libre contaminent les sols puis les points d'eau, en particulier lors des pluies. C'est la principale voie d'entretien des épidémies de choléra.","Utilisez et entretenez une latrine. Signalez à la commune les besoins en assainissement.","« La défécation à l'air libre est sans conséquence en milieu rural »","In a village with too few latrines, which practice most increases the risk of cholera?","[""Open defecation, especially near water points"", ""Sweeping the yards each morning"", ""Storing firewood"", ""Keeping poultry""]","Stool left in the open contaminates the soil and then water points, particularly during the rains. This is the main way cholera outbreaks are sustained.","Use and maintain a latrine. Report sanitation needs to your council.","Traduit","","INV-B-009","MINSANTE;MINEE","","","","En revue éditoriale","Standard","","2026-08-02 création v1 — rédaction initiale, français et anglais","","","","","","","","1.0"
"DUSSC-M01-008","DUSSC-M01-008-v1","1","2026-08-02","M01","Lavage des mains","Connaissance","Grand public","A1;A2;C1","Question courante","Se laver les mains à l'eau seule, sans savon :","[""Est aussi efficace qu'avec du savon"", ""Ne sert absolument à rien"", ""Est plus efficace si l'eau est chaude"", ""Enlève une partie des salissures mais laisse de nombreux germes""]","D","Le savon décolle les germes de la peau et permet de les éliminer avec l'eau. Sans savon, une grande partie reste sur les mains.","Prévoyez toujours du savon ou de la cendre propre à côté du point de lavage.","« L'eau seule suffit pour se laver les mains »","Washing your hands with water only, without soap:","[""Is as effective as using soap"", ""Serves no purpose at all"", ""Works better if the water is hot"", ""Removes some dirt but leaves many germs behind""]","Soap loosens germs from the skin so that water can wash them away. Without soap, a large share stays on the hands.","Always keep soap or clean ash beside the handwashing point.","Traduit","","INV-B-009","MINSANTE","","","","En revue éditoriale","Standard","","2026-08-02 création v1 — rédaction initiale, français et anglais","","","","","","","","1.0"
"DUSSC-M01-009","DUSSC-M01-009-v1","1","2026-08-02","M01","Transmission du choléra","Connaissance","Grand public","A1;A2;A3;C1;C2","Question courante","Comment attrape-t-on le choléra ?","[""Par l'air, en respirant près d'un malade"", ""En buvant de l'eau ou en mangeant des aliments contaminés par des selles"", ""Par le regard ou le toucher d'un malade guéri"", ""Par les piqûres de moustiques""]","B","Le choléra se transmet par l'eau et les aliments souillés par les selles d'une personne malade. C'est pourquoi l'eau propre et l'hygiène des mains sont les protections principales.","Traitez l'eau, lavez-vous les mains au savon, et mangez des aliments bien cuits et couverts.","« Le choléra se transmet par l'air »","How does a person catch cholera?","[""Through the air, by breathing near a sick person"", ""By drinking water or eating food contaminated by stool"", ""By looking at or touching someone who has recovered"", ""Through mosquito bites""]","Cholera passes through water and food soiled by the stool of a sick person. This is why clean water and hand hygiene are the main protections.","Treat your water, wash your hands with soap, and eat food that is well cooked and covered.","Traduit","","INV-B-009","MINSANTE","","","","En revue éditoriale","Standard","","2026-08-02 création v1 — rédaction initiale, français et anglais","","","","","","","","1.0"
"DUSSC-M01-010","DUSSC-M01-010-v1","1","2026-08-02","M01","Précautions autour d'un décès","Situation","Intermédiaire","A1;A2;C2;D1","Question courante","Une personne décède après une diarrhée sévère pendant une épidémie. Quelle conduite est la plus sûre pour la famille ?","[""Procéder à la toilette funéraire habituelle en famille"", ""Transporter le corps sans en informer les autorités sanitaires"", ""Organiser rapidement un grand rassemblement avec repas collectif"", ""Suivre les consignes des services de santé pour la prise en charge du corps et éviter les manipulations sans protection""]","D","Le corps et les vêtements peuvent rester contaminants. Les rassemblements avec repas collectif ont provoqué de nombreuses flambées lors d'épidémies de diarrhée.","Informez le centre de santé avant toute organisation funéraire pendant une épidémie.","« Un corps ne présente aucun risque de transmission »","A person dies after severe diarrhoea during an outbreak. Which course of action is safest for the family?","[""Carry out the usual funeral washing as a family"", ""Move the body without informing the health authorities"", ""Quickly organise a large gathering with a shared meal"", ""Follow the instructions of the health services for handling the body and avoid unprotected contact""]","The body and clothing can remain contaminated. Gatherings with shared meals have caused many outbreaks during diarrhoea epidemics.","Inform the health centre before making any funeral arrangements during an outbreak.","Traduit","","INV-B-009","MINSANTE","","","","En revue éditoriale","Sensible","","2026-08-02 création v1 — rédaction initiale, français et anglais","","","","","","","","1.0"
"DUSSC-M01-011","DUSSC-M01-011-v1","1","2026-08-02","M01","Hygiène des marchés","Situation","Grand public","B4;A1;D3","Question courante","Sur un marché, quel élément protège le mieux les clients contre les maladies liées à l'eau et aux aliments ?","[""Un étal décoré et bien rangé"", ""Un point d'eau propre avec savon, des étals surélevés et l'évacuation régulière des déchets"", ""Des prix affichés clairement"", ""Un grand nombre de vendeurs""]","B","L'eau propre pour se laver les mains et rincer les ustensiles, des étals hors du sol et l'absence de déchets accumulés réduisent directement la contamination des aliments.","Demandez à votre commune l'installation de points d'eau et la collecte régulière des déchets du marché.","« Un marché propre à l'œil est un marché sans risque »","In a market, which feature best protects customers against water- and food-borne diseases?","[""A tidy, well-decorated stall"", ""A clean water point with soap, raised stalls and regular waste removal"", ""Clearly displayed prices"", ""A large number of sellers""]","Clean water for washing hands and rinsing utensils, stalls off the ground and no piled-up waste directly reduce food contamination.","Ask your council to provide water points and regular waste collection at the market.","Traduit","","INV-B-009","MINSANTE;MINDDEVEL","","","","En revue éditoriale","Standard","","2026-08-02 création v1 — rédaction initiale, français et anglais","","","","","","","","1.0"
"DUSSC-M01-012","DUSSC-M01-012-v1","1","2026-08-02","M01","Gestion des déchets ménagers","Attitude","Grand public","A1;A2;C1","Question courante","Que faire des déchets ménagers lorsqu'il n'y a pas de collecte organisée ?","[""Les jeter dans le cours d'eau le plus proche"", ""Les brûler à l'intérieur de la maison"", ""Les rassembler dans un récipient fermé, en attendant une évacuation vers un point autorisé"", ""Les laisser derrière la maison""]","C","Jeter les déchets dans l'eau contamine la source utilisée en aval. Les laisser à l'air libre attire rongeurs et insectes jusqu'aux habitations.","Interpellez votre commune sur l'organisation de la collecte des déchets.","« Jeter les déchets dans la rivière les fait disparaître »","What should be done with household waste where there is no organised collection?","[""Throw it into the nearest watercourse"", ""Burn it inside the house"", ""Gather it in a closed container while awaiting removal to an authorised point"", ""Leave it behind the house""]","Throwing waste into water contaminates the source used downstream. Leaving it in the open attracts rodents and insects into homes.","Raise the question of waste collection with your council.","Traduit","","INV-B-009","MINEPDED;MINDDEVEL","","","","En revue éditoriale","Standard","","2026-08-02 création v1 — rédaction initiale, français et anglais","","","","","","","","1.0"
"DUSSC-M01-013","DUSSC-M01-013-v1","1","2026-08-02","M01","Signes de gravité","Connaissance","Professionnel","D1;C2","Question courante","Chez un patient présentant une diarrhée aqueuse abondante, quel signe impose une prise en charge immédiate ?","[""Des yeux enfoncés, une soif intense, un pli cutané persistant ou une somnolence"", ""Une seule selle liquide dans la journée"", ""Une légère fatigue"", ""Une perte d'appétit isolée""]","A","Ces signes traduisent une déshydratation avancée. À ce stade, la réhydratation doit être conduite en structure de soins sans délai.","Orientez immédiatement vers la structure de prise en charge et débutez la réhydratation sans attendre le transfert.","« Tant que le patient parle, il n'y a pas d'urgence »","In a patient with heavy watery diarrhoea, which sign calls for immediate management?","[""Sunken eyes, intense thirst, skin that stays pinched, or drowsiness"", ""A single loose stool in the day"", ""Slight tiredness"", ""Loss of appetite alone""]","These signs indicate advanced dehydration. At this stage, rehydration must be carried out in a care facility without delay.","Refer immediately to the treatment facility and begin rehydration without waiting for transfer.","Traduit","","INV-B-009","MINSANTE","","","","En revue éditoriale","Standard","","2026-08-02 création v1 — rédaction initiale, français et anglais","","","","","","","","1.0"
"DUSSC-M01-014","DUSSC-M01-014-v1","1","2026-08-02","M01","Sources d'eau","Situation","Grand public","A2;C1;C2","Question courante","En période d'épidémie de choléra, quelle source d'eau présente le risque le plus élevé ?","[""L'eau de rivière ou de mare utilisée directement, sans traitement"", ""Un forage entretenu et fermé"", ""L'eau bouillie conservée couverte"", ""L'eau du robinet traitée""]","A","Les eaux de surface reçoivent directement les ruissellements et les selles. Elles sont la source la plus souvent en cause lors des flambées.","En période d'épidémie, traitez toute eau qui ne provient pas d'un réseau contrôlé.","« L'eau courante d'une rivière se purifie d'elle-même »","During a cholera outbreak, which water source carries the highest risk?","[""River or pond water used directly, without treatment"", ""A maintained and covered borehole"", ""Boiled water kept covered"", ""Treated tap water""]","Surface water receives run-off and stool directly. It is the source most often involved in outbreaks.","During an outbreak, treat any water that does not come from a controlled supply.","Traduit","","INV-B-009","MINSANTE;MINEE","","","","En revue éditoriale","Standard","","2026-08-02 création v1 — rédaction initiale, français et anglais","","","","","","","","1.0"
"DUSSC-M01-015","DUSSC-M01-015-v1","1","2026-08-02","M01","Reconnaissance et recours précoce","Situation","Grand public","A1;A2;A3;C1;D1","Ancre post-test","Un adulte de votre famille présente depuis quelques heures des selles liquides très fréquentes et des vomissements. Quelle est la conduite la plus sûre ?","[""Attendre 24 heures avant de décider"", ""Lui donner un médicament pour bloquer la diarrhée"", ""Le faire boire abondamment, notamment une solution de réhydratation orale, et le conduire sans délai au centre de santé"", ""Le laisser se reposer sans boire""]","C","La perte rapide d'eau et de sels peut être mortelle en quelques heures. Faire boire et consulter tôt reste la mesure la plus efficace.","Conduisez la personne au centre de santé le plus proche sans attendre l'aggravation.","« On peut attendre de voir si cela passe tout seul »","An adult in your family has had very frequent watery stools and vomiting for a few hours. What is the safest course of action?","[""Wait 24 hours before deciding"", ""Give a medicine to block the diarrhoea"", ""Give plenty to drink, especially oral rehydration solution, and take the person to the health centre without delay"", ""Let the person rest without drinking""]","The rapid loss of water and salts can be fatal within hours. Drinking and seeking care early remains the most effective measure.","Take the person to the nearest health centre without waiting for the condition to worsen.","Traduit","","INV-B-009","MINSANTE","","","","En revue éditoriale","Standard","","2026-08-02 création v1 — rédaction initiale, français et anglais","","","","","","","","1.0"
"DUSSC-M02-001","DUSSC-M02-001-v1","1","2026-08-02","M02","Conduite après morsure","Situation","Grand public","A1;A2;A3;B1;C1;C2;D1","Ancre pré-test","Un chien vous mord à la jambe. Que devez-vous faire en premier ?","[""Laver la plaie à grande eau avec du savon pendant environ 15 minutes, puis me rendre immédiatement dans une formation sanitaire"", ""Rincer rapidement et couvrir la plaie"", ""Appliquer une préparation traditionnelle et attendre"", ""Attendre de voir si le chien tombe malade""]","A","Le lavage prolongé au savon élimine une grande partie du virus. Il réduit le risque mais ne suffit jamais seul : seul le traitement après exposition, administré à temps, protège de la rage.","Rendez-vous le jour même dans une formation sanitaire. Signalez l'animal au service vétérinaire.","« Il faut d'abord observer si le chien meurt »","A dog bites you on the leg. What must you do first?","[""Wash the wound with plenty of water and soap for about 15 minutes, then go immediately to a health facility"", ""Rinse quickly and cover the wound"", ""Apply a traditional preparation and wait"", ""Wait and see whether the dog falls sick""]","Prolonged washing with soap removes much of the virus. It lowers the risk but is never enough on its own: only timely treatment after exposure protects against rabies.","Go to a health facility the same day. Report the animal to the veterinary service.","Traduit","","INV-B-001","MINSANTE;MINEPIA","","","","En revue éditoriale","Standard","","2026-08-02 création v1 — rédaction initiale, français et anglais","","","","","","","","1.0"
"DUSSC-M02-002","DUSSC-M02-002-v1","1","2026-08-02","M02","Formes d'exposition","Situation","Grand public","A1;A2;C1;D1","Question courante","Votre enfant a été léché par un chien inconnu sur une plaie ouverte à la main. Que faites-vous ?","[""Rien, un léchage n'est pas une morsure"", ""J'attends de voir s'il y a des signes"", ""Je lave la plaie à l'eau et au savon pendant 15 minutes et je l'emmène en consultation le jour même"", ""Je désinfecte simplement la plaie""]","C","La salive d'un animal enragé déposée sur une plaie ouverte est une exposition à part entière, au même titre qu'une morsure.","Consultez le jour même, même en l'absence de plaie visible profonde.","« Sans morsure, il n'y a pas de risque de rage »","An unknown dog has licked your child on an open wound on the hand. What do you do?","[""Nothing, a lick is not a bite"", ""I wait to see whether any signs appear"", ""I wash the wound with water and soap for 15 minutes and take the child for consultation the same day"", ""I simply disinfect the wound""]","Saliva from a rabid animal on an open wound is an exposure in its own right, just like a bite.","Seek care the same day, even if there is no deep visible wound.","Traduit","","INV-B-001","MINSANTE","","","","En revue éditoriale","Standard","","2026-08-02 création v1 — rédaction initiale, français et anglais","","","","","","","","1.0"
"DUSSC-M02-003","DUSSC-M02-003-v1","1","2026-08-02","M02","Lavage de la plaie","Connaissance","Grand public","A1;A2;B1;C1","Question courante","Combien de temps faut-il laver une plaie de morsure à l'eau et au savon ?","[""Quelques secondes suffisent"", ""Environ une minute"", ""Environ 15 minutes"", ""Le lavage est inutile si la plaie saigne""]","C","Un lavage long et abondant réduit fortement la quantité de virus au niveau de la plaie. Un rinçage rapide n'a qu'un effet limité.","Lavez à grande eau et au savon pendant environ 15 minutes, puis consultez immédiatement.","« Un rinçage rapide suffit »","How long should a bite wound be washed with water and soap?","[""A few seconds is enough"", ""About one minute"", ""About 15 minutes"", ""Washing is pointless if the wound bleeds""]","Long and thorough washing greatly reduces the amount of virus at the wound. A quick rinse has only a limited effect.","Wash with plenty of water and soap for about 15 minutes, then seek care immediately.","Traduit","","INV-B-001","MINSANTE","","","","En revue éditoriale","Standard","","2026-08-02 création v1 — rédaction initiale, français et anglais","","","","","","","","1.0"
"DUSSC-M02-004","DUSSC-M02-004-v1","1","2026-08-02","M02","Statut vaccinal de l'animal","Situation","Grand public","A2;C1;D1","Question courante","Vous êtes mordu par votre propre chien, vacciné il y a plusieurs années. Que faites-vous ?","[""Je lave la plaie et je consulte quand même, en indiquant la date de la dernière vaccination du chien"", ""Rien, mon chien est vacciné"", ""J'attends une semaine"", ""Je vaccine le chien immédiatement et j'en reste là""]","A","Une vaccination ancienne ou incomplète ne garantit pas la protection de l'animal. Seul le professionnel de santé peut décider de la conduite à tenir.","Consultez et faites examiner le chien par le service vétérinaire.","« Un chien de la maison ne présente aucun risque »","You are bitten by your own dog, vaccinated several years ago. What do you do?","[""I wash the wound and still seek care, stating the date of the dog's last vaccination"", ""Nothing, my dog is vaccinated"", ""I wait a week"", ""I vaccinate the dog immediately and leave it at that""]","An old or incomplete vaccination does not guarantee that the animal is protected. Only a health professional can decide what should be done.","Seek care and have the dog examined by the veterinary service.","Traduit","","INV-B-001","MINSANTE;MINEPIA","","","","En revue éditoriale","Standard","","2026-08-02 création v1 — rédaction initiale, français et anglais","","","","","","","","1.0"
"DUSSC-M02-005","DUSSC-M02-005-v1","1","2026-08-02","M02","Sort de l'animal mordeur","Situation","Intermédiaire","A2;B1;D2","Question courante","Après une morsure, que doit-il advenir du chien en cause ?","[""Il doit être tué immédiatement"", ""Il doit être relâché loin du village"", ""Il doit être vendu"", ""Il doit être identifié et placé sous observation vétérinaire pendant la période prévue""]","D","L'observation de l'animal par le service vétérinaire apporte une information utile à la prise en charge de la personne mordue. Tuer l'animal prive de cette information.","Signalez l'animal au centre zootechnique et vétérinaire dès la morsure.","« Il faut abattre tout chien qui a mordu »","After a bite, what should happen to the dog involved?","[""It must be killed immediately"", ""It must be released far from the village"", ""It must be sold"", ""It must be identified and kept under veterinary observation for the prescribed period""]","Observing the animal gives information that helps in managing the bitten person. Killing the animal removes that information.","Report the animal to the zootechnical and veterinary centre as soon as the bite occurs.","Traduit","","INV-B-001","MINEPIA","","","","En revue éditoriale","Standard","","2026-08-02 création v1 — rédaction initiale, français et anglais","","","","","","","","1.0"
"DUSSC-M02-006","DUSSC-M02-006-v1","1","2026-08-02","M02","Autres animaux","Situation","Grand public","A1;A2;C1","Question courante","Une griffure profonde de chat doit-elle être traitée comme une exposition possible à la rage ?","[""Non, seuls les chiens transmettent la rage"", ""Oui, les chats et d'autres mammifères peuvent aussi transmettre la rage"", ""Seulement si le chat est sauvage"", ""Seulement si la griffure saigne beaucoup""]","B","Le chien est la source la plus fréquente, mais chats et autres mammifères peuvent également transmettre la rage. La conduite à tenir est la même.","Lavez la plaie 15 minutes et consultez le jour même.","« Seuls les chiens transmettent la rage »","Should a deep scratch from a cat be treated as a possible rabies exposure?","[""No, only dogs transmit rabies"", ""Yes, cats and other mammals can also transmit rabies"", ""Only if the cat is wild"", ""Only if the scratch bleeds heavily""]","Dogs are the most frequent source, but cats and other mammals can also transmit rabies. The response is the same.","Wash the wound for 15 minutes and seek care the same day.","Traduit","","INV-B-001","MINSANTE;MINEPIA","","","","En revue éditoriale","Standard","","2026-08-02 création v1 — rédaction initiale, français et anglais","","","","","","","","1.0"
"DUSSC-M02-007","DUSSC-M02-007-v1","1","2026-08-02","M02","Vaccination canine","Connaissance","Grand public","A2;B1;C1;D2","Question courante","Quelle est la mesure la plus efficace pour éviter les décès humains dus à la rage ?","[""Éloigner tous les chiens des villages"", ""Interdire la possession de chiens"", ""Soigner les malades une fois les signes apparus"", ""Vacciner massivement et régulièrement les chiens""]","D","Vacciner une proportion suffisante de chiens interrompt la circulation du virus. C'est la mesure qui a permis d'éliminer la rage humaine dans de nombreux pays.","Faites vacciner vos chiens et participez aux campagnes organisées.","« On peut soigner la rage une fois déclarée »","What is the most effective measure to prevent human deaths from rabies?","[""Keeping all dogs away from villages"", ""Banning dog ownership"", ""Treating patients once signs appear"", ""Vaccinating dogs widely and regularly""]","Vaccinating a sufficient share of dogs interrupts the circulation of the virus. This is the measure that has eliminated human rabies in many countries.","Have your dogs vaccinated and take part in the campaigns organised locally.","Traduit","","INV-B-001","MINEPIA;MINSANTE","","","","En revue éditoriale","Standard","","2026-08-02 création v1 — rédaction initiale, français et anglais","","","","","","","","1.0"
"DUSSC-M02-008","DUSSC-M02-008-v1","1","2026-08-02","M02","Gravité de la maladie","Connaissance","Grand public","A1;A2;A3;C1;C2","Question courante","Que se passe-t-il lorsque les signes de la rage apparaissent chez une personne ?","[""La maladie guérit spontanément dans la plupart des cas"", ""À ce stade, il n'existe plus de traitement efficace, d'où l'importance d'agir immédiatement après l'exposition"", ""Un traitement à ce stade permet encore de guérir facilement"", ""Les signes disparaissent après quelques jours""]","B","La rage ne se soigne plus une fois les signes installés. Tout se joue dans les heures et les jours qui suivent l'exposition.","Ne différez jamais une consultation après une morsure ou un léchage sur plaie.","« On peut attendre l'apparition des signes pour consulter »","What happens once the signs of rabies appear in a person?","[""The illness clears on its own in most cases"", ""At this stage there is no longer any effective treatment, which is why acting immediately after exposure matters"", ""Treatment at this stage still cures the illness easily"", ""The signs disappear after a few days""]","Rabies can no longer be treated once the signs are established. Everything depends on the hours and days following exposure.","Never delay seeking care after a bite or a lick on a wound.","Traduit","","INV-B-001","MINSANTE","","","","En revue éditoriale","Standard","","2026-08-02 création v1 — rédaction initiale, français et anglais","","","","","","","","1.0"
"DUSSC-M02-009","DUSSC-M02-009-v1","1","2026-08-02","M02","Enfants et déclaration","Situation","Grand public","A1;C1;D3","Question courante","Les enfants sont particulièrement exposés à la rage. Pourquoi ?","[""Parce qu'ils courent plus vite"", ""Parce qu'ils sont plus fragiles aux médicaments"", ""Parce qu'ils jouent avec les animaux, sont mordus au visage ou aux mains, et n'osent pas toujours en parler"", ""Parce qu'ils vivent près des forêts""]","C","Beaucoup d'enfants cachent une morsure par crainte d'être grondés. Le retard de déclaration est un facteur majeur de décès évitables.","Dites clairement à vos enfants de signaler immédiatement toute morsure ou griffure, sans crainte d'être punis.","« Un enfant signale toujours une morsure »","Children are particularly exposed to rabies. Why?","[""Because they run faster"", ""Because they react more strongly to medicines"", ""Because they play with animals, are bitten on the face or hands, and do not always dare to speak about it"", ""Because they live near forests""]","Many children hide a bite for fear of being scolded. Delayed reporting is a major cause of avoidable deaths.","Tell your children clearly to report any bite or scratch at once, without fear of punishment.","Traduit","","INV-B-001","MINSANTE","","","","En revue éditoriale","Standard","","2026-08-02 création v1 — rédaction initiale, français et anglais","","","","","","","","1.0"
"DUSSC-M02-010","DUSSC-M02-010-v1","1","2026-08-02","M02","Animaux sauvages","Situation","Intermédiaire","A2;B5;D2","Question courante","Vous êtes mordu par un animal sauvage lors d'un déplacement en brousse. Quelle est la bonne conduite ?","[""Laver la plaie 15 minutes, consulter au plus vite et signaler l'incident aux services compétents"", ""Considérer que le risque est faible car l'animal était en liberté"", ""Attendre le retour au village avant de laver la plaie"", ""Ne rien signaler pour éviter des complications""]","A","Plusieurs animaux sauvages peuvent transmettre la rage. Le comportement anormal d'un animal sauvage qui attaque est en soi un signal d'alerte.","Lavez immédiatement, consultez, et informez le service des forêts et de la faune ou le service vétérinaire.","« Une morsure d'animal sauvage est moins dangereuse »","You are bitten by a wild animal while travelling through the bush. What is the right course of action?","[""Wash the wound for 15 minutes, seek care as soon as possible and report the incident to the competent services"", ""Assume the risk is low because the animal was free-living"", ""Wait until returning to the village before washing the wound"", ""Report nothing, to avoid complications""]","Several wild animals can transmit rabies. Unusual behaviour in a wild animal that attacks is in itself a warning sign.","Wash immediately, seek care, and inform the forestry and wildlife service or the veterinary service.","Traduit","","INV-B-001","MINSANTE;MINFOF","","","","En revue éditoriale","Standard","","2026-08-02 création v1 — rédaction initiale, français et anglais","","","","","","","","1.0"
"DUSSC-M02-011","DUSSC-M02-011-v1","1","2026-08-02","M02","Pratiques à risque","Attitude","Grand public","A1;A2;B1;C1","Question courante","Appliquer du piment, de l'huile, des plantes ou de la terre sur une plaie de morsure :","[""N'apporte aucune protection contre la rage et peut aggraver l'infection de la plaie"", ""Aide à désinfecter la plaie"", ""Remplace la consultation médicale"", ""Est recommandé avant de se rendre au centre de santé""]","A","Ces applications n'ont aucun effet sur le virus et peuvent introduire d'autres germes. Elles retardent surtout le recours au traitement qui, lui, protège.","Lavez uniquement à l'eau et au savon, puis rendez-vous en formation sanitaire.","« Les préparations traditionnelles protègent de la rage »","Applying pepper, oil, plants or soil to a bite wound:","[""Gives no protection against rabies and may worsen infection of the wound"", ""Helps to disinfect the wound"", ""Replaces medical consultation"", ""Is recommended before going to the health centre""]","These applications have no effect on the virus and may introduce other germs. Above all, they delay the treatment that does protect.","Wash only with water and soap, then go to a health facility.","Traduit","","INV-B-001","MINSANTE","","","","En revue éditoriale","Sensible","","2026-08-02 création v1 — rédaction initiale, français et anglais","","","","","","","","1.0"
"DUSSC-M02-012","DUSSC-M02-012-v1","1","2026-08-02","M02","Orientation","Orientation","Grand public","A1;A2;C1","Question courante","Après avoir lavé une plaie de morsure, où devez-vous vous rendre ?","[""Chez un vendeur de médicaments du quartier"", ""Chez le propriétaire du chien"", ""Dans une formation sanitaire, le jour même"", ""Nulle part, si la plaie est petite""]","C","Seule une formation sanitaire peut évaluer l'exposition et administrer, si nécessaire, le traitement après exposition dans les délais utiles.","Rendez-vous dans la formation sanitaire la plus proche sans attendre le lendemain.","« Une petite plaie ne nécessite pas de consultation »","After washing a bite wound, where should you go?","[""To a medicine seller in the neighbourhood"", ""To the dog owner's home"", ""To a health facility, the same day"", ""Nowhere, if the wound is small""]","Only a health facility can assess the exposure and, where needed, give treatment after exposure within the time that it works.","Go to the nearest health facility without waiting until the next day.","Traduit","","INV-B-001","MINSANTE","","","","En revue éditoriale","Standard","","2026-08-02 création v1 — rédaction initiale, français et anglais","","","","","","","","1.0"
"DUSSC-M02-013","DUSSC-M02-013-v1","1","2026-08-02","M02","Évaluation de l'exposition","Connaissance","Professionnel","D1;D2","Question courante","Devant une personne mordue, quel élément doit orienter en priorité la conduite à tenir ?","[""La taille de la plaie uniquement"", ""La nature du contact, sa localisation, le statut de l'animal et le délai depuis l'exposition"", ""La race du chien"", ""L'âge du propriétaire de l'animal""]","B","L'évaluation combine le type de contact, sa localisation, l'état et le statut vaccinal de l'animal, et le délai écoulé. Elle détermine la conduite à tenir.","Documentez chaque élément dans le dossier et orientez selon le protocole national en vigueur.","« Seule la profondeur de la plaie compte »","Faced with a bitten person, which element should guide management first?","[""The size of the wound only"", ""The nature of the contact, its site, the status of the animal and the time since exposure"", ""The breed of the dog"", ""The age of the animal's owner""]","Assessment combines the type of contact, its site, the condition and vaccination status of the animal, and the time elapsed. It determines what must be done.","Record each element in the file and refer according to the national protocol in force.","Traduit","","INV-B-001","MINSANTE","","","","En revue éditoriale","Standard","","2026-08-02 création v1 — rédaction initiale, français et anglais","","","","","","","","1.0"
"DUSSC-M02-014","DUSSC-M02-014-v1","1","2026-08-02","M02","Conduite après morsure","Situation","Grand public","A1;A2;A3;B1;C1;C2;D1","Ancre post-test","Un chien du voisinage mord votre voisin à la main. Que lui conseillez-vous de faire immédiatement ?","[""D'attendre quelques jours pour voir l'évolution"", ""De surveiller uniquement le chien"", ""D'appliquer un produit traditionnel et de se reposer"", ""De laver longuement la plaie à l'eau et au savon puis d'aller le jour même dans une formation sanitaire""]","D","Le lavage long au savon réduit le risque, mais seule la prise en charge médicale rapide protège réellement. Les deux gestes vont ensemble.","Accompagnez-le si possible à la formation sanitaire et signalez le chien au service vétérinaire.","« Il suffit de surveiller l'animal »","A neighbourhood dog bites your neighbour on the hand. What do you advise him to do immediately?","[""To wait a few days and see how it develops"", ""To watch the dog only"", ""To apply a traditional product and rest"", ""To wash the wound thoroughly with water and soap, then go to a health facility the same day""]","Long washing with soap lowers the risk, but only prompt medical care truly protects. The two steps go together.","Go with him to the health facility and report the dog to the veterinary service.","Traduit","","INV-B-001","MINSANTE;MINEPIA","","","","En revue éditoriale","Standard","","2026-08-02 création v1 — rédaction initiale, français et anglais","","","","","","","","1.0"
"DUSSC-M03-001","DUSSC-M03-001-v1","1","2026-08-02","M03","Mortalité animale subite","Situation","Grand public","A2;B1;B3;B4;D2","Ancre pré-test","Une de vos vaches meurt brutalement dans la nuit, sans avoir été malade. Que faites-vous ?","[""Je laisse la carcasse fermée, j'éloigne les personnes et les animaux, et j'appelle immédiatement le service vétérinaire"", ""Je récupère seulement la peau"", ""Je la dépèce rapidement pour vendre la viande"", ""Je l'enterre moi-même sans en parler""]","A","Une mort subite peut signaler le charbon. Ouvrir la carcasse libère des germes qui survivent des années dans le sol et contaminent le pâturage, les autres animaux et les personnes.","Contactez le centre zootechnique et vétérinaire. L'élimination doit être faite par le service compétent.","« Un animal mort récemment reste consommable si la viande paraît saine »","One of your cows dies suddenly during the night, without having been sick. What do you do?","[""I leave the carcass unopened, keep people and animals away, and call the veterinary service immediately"", ""I keep only the hide"", ""I skin it quickly to sell the meat"", ""I bury it myself without telling anyone""]","A sudden death may signal anthrax. Opening the carcass releases germs that survive for years in the soil and contaminate the pasture, other animals and people.","Contact the zootechnical and veterinary centre. Disposal must be done by the competent service.","Traduit","","INV-B-004","MINEPIA;MINSANTE","","","","En revue éditoriale","Standard","","2026-08-02 création v1 — rédaction initiale, français et anglais","","","","","","","","1.0"
"DUSSC-M03-002","DUSSC-M03-002-v1","1","2026-08-02","M03","Sous-produits de la carcasse","Situation","Grand public","B1;B3;B4","Question courante","Un animal est mort subitement. Peut-on au moins récupérer sa peau ou ses cornes ?","[""Oui, ces parties ne présentent aucun danger"", ""Oui, si on les sèche au soleil"", ""Oui, si on les lave à l'eau"", ""Non, tout contact avec la carcasse expose au risque et peut disséminer les germes""]","D","La peau et les autres parties peuvent porter des germes très résistants. Les manipuler expose la personne et transporte la contamination jusqu'aux habitations.","Ne prélevez rien sur la carcasse. Attendez l'intervention du service vétérinaire.","« On peut sauver la peau sans risque »","An animal has died suddenly. Can at least its hide or horns be recovered?","[""Yes, these parts carry no danger"", ""Yes, if they are dried in the sun"", ""Yes, if they are washed with water"", ""No, any contact with the carcass exposes you and can spread the germs""]","The hide and other parts can carry highly resistant germs. Handling them exposes the person and carries contamination back to the home.","Take nothing from the carcass. Wait for the veterinary service to act.","Traduit","","INV-B-004","MINEPIA","","","","En revue éditoriale","Standard","","2026-08-02 création v1 — rédaction initiale, français et anglais","","","","","","","","1.0"
"DUSSC-M03-003","DUSSC-M03-003-v1","1","2026-08-02","M03","Effet de la cuisson","Connaissance","Grand public","A1;A2;B3;B4","Question courante","La cuisson prolongée rend-elle consommable la viande d'un animal mort subitement de maladie ?","[""Oui, la cuisson détruit tous les dangers"", ""Non, certains germes résistent et le danger existe déjà au moment de la découpe"", ""Oui, si la viande est bouillie plusieurs heures"", ""Oui, si elle est fumée""]","B","Une partie du risque survient dès la découpe, par contact avec la peau et par les projections. De plus, certains germes forment des spores très résistantes à la chaleur.","Ne découpez jamais un animal mort de cause inconnue, quelle que soit la cuisson envisagée.","« La cuisson rend tout consommable »","Does long cooking make the meat of an animal that died suddenly of disease safe to eat?","[""Yes, cooking destroys every danger"", ""No, some germs resist and the danger already exists at the moment of cutting"", ""Yes, if the meat is boiled for several hours"", ""Yes, if it is smoked""]","Part of the risk arises at the moment of cutting, through contact with the hide and through splashes. In addition, some germs form spores that resist heat.","Never cut up an animal that has died of an unknown cause, whatever cooking is planned.","Traduit","","INV-B-004","MINEPIA;MINSANTE","","","","En revue éditoriale","Standard","","2026-08-02 création v1 — rédaction initiale, français et anglais","","","","","","","","1.0"
"DUSSC-M03-004","DUSSC-M03-004-v1","1","2026-08-02","M03","Signes évocateurs","Connaissance","Intermédiaire","B1;D2;C2","Question courante","Quel signe doit faire suspecter un charbon bactéridien devant un animal mort ?","[""Une mort survenue après plusieurs semaines de maigreur"", ""Une mort après un accident de la route"", ""Une blessure visible à la patte"", ""Une mort brutale, avec un sang sombre qui coule des orifices et coagule mal""]","D","La mort subite associée à un écoulement de sang sombre et fluide aux orifices est un signe classique. Elle impose de ne pas ouvrir l'animal.","N'ouvrez pas la carcasse et alertez immédiatement le service vétérinaire.","« Une mort subite est forcément accidentelle »","Which sign should raise suspicion of anthrax in a dead animal?","[""Death after several weeks of wasting"", ""Death after a road accident"", ""A visible wound on the leg"", ""Sudden death, with dark blood flowing from the openings and clotting poorly""]","Sudden death together with dark, thin blood at the openings is a classic sign. It means the animal must not be opened.","Do not open the carcass and alert the veterinary service immediately.","Traduit","","INV-B-004","MINEPIA","","","","En revue éditoriale","Standard","","2026-08-02 création v1 — rédaction initiale, français et anglais","","","","","","","","1.0"
"DUSSC-M03-005","DUSSC-M03-005-v1","1","2026-08-02","M03","Forme humaine","Situation","Intermédiaire","B1;B3;D1","Question courante","Quelques jours après avoir manipulé un animal mort, une personne présente sur le bras une plaie noirâtre qui ne fait pas mal. Que faut-il faire ?","[""Attendre, puisque la lésion n'est pas douloureuse"", ""Consulter immédiatement en signalant le contact avec l'animal mort"", ""Appliquer un produit traditionnel"", ""Percer la lésion""]","B","Une lésion noire indolore après contact avec un animal mort doit faire évoquer un charbon cutané. Le fait qu'elle ne soit pas douloureuse ne signifie pas qu'elle est bénigne.","Consultez sans délai et précisez au soignant le contact avec l'animal mort.","« Une plaie qui ne fait pas mal n'est pas grave »","A few days after handling a dead animal, a person develops a blackish sore on the arm that is not painful. What should be done?","[""Wait, since the sore is not painful"", ""Seek care immediately, mentioning the contact with the dead animal"", ""Apply a traditional product"", ""Pierce the sore""]","A painless black sore after contact with a dead animal should raise suspicion of cutaneous anthrax. The absence of pain does not mean it is harmless.","Seek care without delay and tell the health worker about the contact with the dead animal.","Traduit","","INV-B-004","MINSANTE","","","","En revue éditoriale","Standard","","2026-08-02 création v1 — rédaction initiale, français et anglais","","","","","","","","1.0"
"DUSSC-M03-006","DUSSC-M03-006-v1","1","2026-08-02","M03","Élimination de la carcasse","Situation","Grand public","A2;B1;D2","Question courante","Faut-il enterrer soi-même un animal mort subitement, sans en informer personne ?","[""Oui, c'est la solution la plus rapide"", ""Oui, si on creuse profondément"", ""Non, l'élimination doit être organisée par le service vétérinaire pour éviter de contaminer le sol et l'eau"", ""Oui, si on l'enterre loin du village""]","C","Un enfouissement mal réalisé laisse des germes dans le sol pendant des années. Le service vétérinaire dispose des méthodes et des produits appropriés.","Signalez la mortalité avant toute manipulation ou enfouissement.","« Enterrer suffit à supprimer le danger »","Should you bury an animal that has died suddenly yourself, without telling anyone?","[""Yes, it is the quickest solution"", ""Yes, if you dig deep enough"", ""No, disposal must be organised by the veterinary service to avoid contaminating soil and water"", ""Yes, if you bury it far from the village""]","Poorly done burial leaves germs in the soil for years. The veterinary service has the right methods and products.","Report the death before any handling or burial.","Traduit","","INV-B-004","MINEPIA;MINEPDED","","","","En revue éditoriale","Standard","","2026-08-02 création v1 — rédaction initiale, français et anglais","","","","","","","","1.0"
"DUSSC-M03-007","DUSSC-M03-007-v1","1","2026-08-02","M03","Commercialisation","Attitude","Grand public","B3;B4","Question courante","Un commerçant vous propose à bas prix la viande d'un animal mort la veille dans un pâturage. Que faites-vous ?","[""Je refuse, j'alerte le service vétérinaire et je préviens mon entourage"", ""J'achète, l'occasion est bonne"", ""J'achète et je fais bien cuire"", ""J'achète pour nourrir mes animaux""]","A","Vendre la viande d'un animal mort de maladie expose de nombreuses personnes à la fois. Le signalement permet d'interrompre la chaîne avant que d'autres n'achètent.","Refusez l'achat et informez le centre zootechnique et vétérinaire.","« Une bonne affaire vaut le risque »","A trader offers you cheap meat from an animal that died the day before in a pasture. What do you do?","[""I refuse, alert the veterinary service and warn those around me"", ""I buy, it is a good deal"", ""I buy and cook it thoroughly"", ""I buy it to feed my animals""]","Selling meat from an animal that died of disease exposes many people at once. Reporting breaks the chain before others buy.","Refuse the purchase and inform the zootechnical and veterinary centre.","Traduit","","INV-B-004","MINEPIA;MINSANTE","","","","En revue éditoriale","Standard","","2026-08-02 création v1 — rédaction initiale, français et anglais","","","","","","","","1.0"
"DUSSC-M03-008","DUSSC-M03-008-v1","1","2026-08-02","M03","Prévention par la vaccination","Connaissance","Grand public","B1;A2;D2","Question courante","Comment protéger durablement un troupeau contre le charbon dans une zone à risque ?","[""En faisant vacciner régulièrement les animaux selon les recommandations des services vétérinaires"", ""En changeant de pâturage chaque semaine"", ""En donnant des antibiotiques préventifs à tout le troupeau"", ""En ne faisant rien de particulier""]","A","La vaccination du bétail est la mesure préventive de référence dans les zones où la maladie est connue. Elle protège le troupeau et, indirectement, les personnes.","Rapprochez-vous du service vétérinaire pour connaître le calendrier de vaccination de votre zone.","« Les antibiotiques préventifs remplacent la vaccination »","How can a herd be durably protected against anthrax in an area at risk?","[""By having the animals vaccinated regularly, as advised by the veterinary services"", ""By changing pasture every week"", ""By giving preventive antibiotics to the whole herd"", ""By doing nothing in particular""]","Vaccinating livestock is the standard preventive measure in areas where the disease is known. It protects the herd and, indirectly, people.","Contact the veterinary service for the vaccination schedule in your area.","Traduit","","INV-B-004","MINEPIA","","","","En revue éditoriale","Standard","","2026-08-02 création v1 — rédaction initiale, français et anglais","","","","","","","","1.0"
"DUSSC-M03-009","DUSSC-M03-009-v1","1","2026-08-02","M03","Persistance environnementale","Connaissance","Intermédiaire","B1;C2;D2","Question courante","Combien de temps les germes du charbon peuvent-ils persister dans un sol contaminé ?","[""Quelques heures"", ""Quelques jours"", ""Plusieurs années"", ""Ils ne survivent pas hors de l'animal""]","C","Sous forme de spores, ces germes survivent très longtemps dans le sol. Un pâturage contaminé peut redevenir dangereux des années plus tard, notamment après de fortes pluies.","Signalez tout foyer afin que la zone soit prise en charge et évitez d'y faire pâturer le bétail.","« Le danger disparaît en quelques jours »","How long can anthrax germs persist in contaminated soil?","[""A few hours"", ""A few days"", ""Several years"", ""They do not survive outside the animal""]","In spore form, these germs survive for a very long time in the soil. A contaminated pasture can become dangerous again years later, especially after heavy rain.","Report any outbreak so the area can be managed, and avoid grazing livestock there.","Traduit","","INV-B-004","MINEPIA;MINEPDED","","","","En revue éditoriale","Standard","","2026-08-02 création v1 — rédaction initiale, français et anglais","","","","","","","","1.0"
"DUSSC-M03-010","DUSSC-M03-010-v1","1","2026-08-02","M03","Notification","Orientation","Grand public","A2;B1;B3","Question courante","Qui devez-vous prévenir en premier devant une mortalité animale inhabituelle ?","[""Le chef de quartier uniquement"", ""Le centre zootechnique et vétérinaire de votre arrondissement"", ""L'acheteur habituel de vos animaux"", ""Personne, si l'animal était isolé""]","B","Le service vétérinaire est le premier destinataire. Il évalue la situation, protège les autres élevages et informe les services de santé si nécessaire.","Notez dès aujourd'hui les coordonnées de votre centre zootechnique et vétérinaire.","« Il n'y a personne à prévenir »","Who should you inform first when animals die unexpectedly?","[""The quarter head only"", ""The zootechnical and veterinary centre of your subdivision"", ""Your usual livestock buyer"", ""Nobody, if the animal was on its own""]","The veterinary service is the first point of contact. It assesses the situation, protects other farms and informs the health services where needed.","Note down today the contact details of your zootechnical and veterinary centre.","Traduit","","INV-B-004","MINEPIA","","","","En revue éditoriale","Standard","","2026-08-02 création v1 — rédaction initiale, français et anglais","","","","","","","","1.0"
"DUSSC-M03-011","DUSSC-M03-011-v1","1","2026-08-02","M03","Protection individuelle","Situation","Professionnel","D2;D1","Question courante","Lors d'une intervention sur un foyer suspect de charbon, quelle précaution est indispensable ?","[""Travailler rapidement, sans équipement, pour limiter le temps d'exposition"", ""Faire manipuler la carcasse par les propriétaires"", ""Ouvrir la carcasse pour confirmer le diagnostic sur place"", ""Porter l'équipement de protection prévu, éviter toute ouverture de la carcasse et respecter le protocole d'élimination""]","D","L'ouverture de la carcasse dissémine massivement les spores. La confirmation se fait par les prélèvements prévus au protocole, pas par une autopsie sur le terrain.","Appliquez strictement le protocole national et le port des équipements de protection.","« Il faut ouvrir l'animal pour savoir »","During an intervention on a suspected anthrax outbreak, which precaution is essential?","[""Working fast, without equipment, to limit exposure time"", ""Having the owners handle the carcass"", ""Opening the carcass to confirm the diagnosis on site"", ""Wearing the prescribed protective equipment, avoiding any opening of the carcass and following the disposal protocol""]","Opening the carcass releases spores on a massive scale. Confirmation is obtained through the samples set out in the protocol, not through a field autopsy.","Apply the national protocol strictly and wear the prescribed protective equipment.","Traduit","","INV-B-004","MINEPIA","","","","En revue éditoriale","Standard","","2026-08-02 création v1 — rédaction initiale, français et anglais","","","","","","","","1.0"
"DUSSC-M03-012","DUSSC-M03-012-v1","1","2026-08-02","M03","Mortalité animale subite","Situation","Grand public","A2;B1;B3;B4;D2","Ancre post-test","Un voisin vous annonce que deux de ses chèvres sont mortes subitement cette nuit et qu'il compte les dépecer. Que lui conseillez-vous ?","[""De les dépecer rapidement avant que la viande ne s'abîme"", ""De ne rien toucher, d'éloigner les animaux et les enfants, et d'appeler immédiatement le service vétérinaire"", ""De les enterrer discrètement"", ""De les vendre à un commerçant""]","B","Ouvrir une carcasse d'animal mort subitement expose la famille et contamine durablement le lieu. Le service vétérinaire organise une élimination sûre.","Aidez-le à contacter le centre zootechnique et vétérinaire sans délai.","« Il faut sauver la viande avant qu'elle ne s'abîme »","A neighbour tells you that two of his goats died suddenly last night and that he intends to skin them. What do you advise him?","[""To skin them quickly before the meat spoils"", ""To touch nothing, keep animals and children away, and call the veterinary service immediately"", ""To bury them discreetly"", ""To sell them to a trader""]","Opening the carcass of an animal that died suddenly exposes the family and contaminates the site for a long time. The veterinary service arranges safe disposal.","Help him contact the zootechnical and veterinary centre without delay.","Traduit","","INV-B-004","MINEPIA","","","","En revue éditoriale","Standard","","2026-08-02 création v1 — rédaction initiale, français et anglais","","","","","","","","1.0"
"DUSSC-M04-001","DUSSC-M04-001-v1","1","2026-08-02","M04","Mortalité avicole anormale","Situation","Grand public","B2;A2;B4;D2","Ancre pré-test","En trois jours, un tiers de vos poulets sont morts sans cause apparente. Quelle est la bonne conduite ?","[""Vendre rapidement les poulets restants au marché"", ""Ne rien dire et attendre la fin de la mortalité"", ""Donner les oiseaux morts aux chiens"", ""Ne pas déplacer les oiseaux, limiter les entrées dans le poulailler, ne pas manipuler à mains nues, et alerter immédiatement le service vétérinaire""]","D","Vendre ou déplacer des animaux issus d'un élevage touché propage la maladie à d'autres élevages et expose des personnes. Le signalement rapide limite les pertes.","Contactez le centre zootechnique et vétérinaire de votre arrondissement.","« Il faut vendre vite avant que les autres ne meurent »","Within three days, a third of your chickens have died with no apparent cause. What is the right course of action?","[""Sell the remaining chickens quickly at the market"", ""Say nothing and wait for the deaths to stop"", ""Give the dead birds to the dogs"", ""Do not move the birds, limit entry into the poultry house, do not handle birds with bare hands, and alert the veterinary service immediately""]","Selling or moving animals from an affected farm spreads the disease to other farms and exposes people. Reporting quickly limits losses.","Contact the zootechnical and veterinary centre of your subdivision.","Traduit","","INV-B-005","MINEPIA","","","","En revue éditoriale","Standard","","2026-08-02 création v1 — rédaction initiale, français et anglais","","","","","","","","1.0"
"DUSSC-M04-002","DUSSC-M04-002-v1","1","2026-08-02","M04","Introduction de nouveaux animaux","Situation","Grand public","B2;A2","Question courante","Vous achetez des poulets pour agrandir votre élevage. Que faites-vous en priorité ?","[""Je les mets directement avec les autres"", ""Je les garde séparés et sous observation pendant la période recommandée avant de les introduire"", ""Je les vaccine seulement s'ils tombent malades"", ""Je les lave avant de les introduire""]","B","Un animal apparemment sain peut être porteur d'une maladie. La séparation temporaire est la mesure de biosécurité la plus simple et la plus efficace.","Prévoyez un espace de mise à l'écart pour tout nouvel animal introduit.","« Un animal qui a l'air sain ne présente aucun risque »","You buy chickens to expand your farm. What do you do first?","[""I put them straight in with the others"", ""I keep them separate and under observation for the recommended period before introducing them"", ""I vaccinate them only if they fall sick"", ""I wash them before introducing them""]","An animal that looks healthy may already carry a disease. Keeping new animals apart for a time is the simplest and most effective biosecurity measure.","Set aside a separate space for every newly introduced animal.","Traduit","","INV-B-005","MINEPIA","","","","En revue éditoriale","Standard","","2026-08-02 création v1 — rédaction initiale, français et anglais","","","","","","","","1.0"
"DUSSC-M04-003","DUSSC-M04-003-v1","1","2026-08-02","M04","Oiseaux sauvages","Situation","Grand public","A2;B2;D2;B5","Question courante","Vous trouvez plusieurs oiseaux sauvages morts près d'un plan d'eau. Que faites-vous ?","[""Je les ramasse pour les examiner"", ""Je les enterre moi-même"", ""Je ne les touche pas, j'éloigne les enfants et les animaux, et je signale aux services vétérinaires ou des forêts et de la faune"", ""Je les donne à manger aux volailles""]","C","Les oiseaux sauvages peuvent porter des virus transmissibles aux volailles et parfois aux personnes. Le signalement permet une investigation rapide.","Signalez au service vétérinaire ou au service des forêts et de la faune le plus proche.","« Les oiseaux sauvages morts ne concernent personne »","You find several dead wild birds near a body of water. What do you do?","[""I pick them up to examine them"", ""I bury them myself"", ""I do not touch them, keep children and animals away, and report to the veterinary service or the forestry and wildlife service"", ""I feed them to my poultry""]","Wild birds can carry viruses that pass to poultry and sometimes to people. Reporting allows a rapid investigation.","Report to the nearest veterinary service or forestry and wildlife service.","Traduit","","INV-B-005","MINEPIA;MINFOF","","","","En revue éditoriale","Standard","","2026-08-02 création v1 — rédaction initiale, français et anglais","","","","","","","","1.0"
"DUSSC-M04-004","DUSSC-M04-004-v1","1","2026-08-02","M04","Mélange des espèces","Connaissance","Intermédiaire","B2","Question courante","Élever ensemble poules, canards et porcs dans le même espace :","[""Facilite le passage et la transformation de certains virus d'une espèce à l'autre"", ""Ne présente aucun risque particulier"", ""Est recommandé pour économiser l'espace"", ""N'a d'effet que sur la croissance des animaux""]","A","Le mélange d'espèces favorise les échanges de virus et leur adaptation. C'est une situation à éviter, en particulier avec les palmipèdes et les porcs.","Séparez autant que possible les espèces et limitez leurs contacts.","« Mélanger les espèces n'a que des avantages pratiques »","Keeping chickens, ducks and pigs together in the same space:","[""Makes it easier for some viruses to pass between species and change"", ""Carries no particular risk"", ""Is recommended to save space"", ""Only affects how fast the animals grow""]","Mixing species favours the exchange of viruses and their adaptation. It is a situation to avoid, particularly with waterfowl and pigs.","Separate species as far as possible and limit contact between them.","Traduit","","INV-B-005","MINEPIA","","","","En revue éditoriale","Standard","","2026-08-02 création v1 — rédaction initiale, français et anglais","","","","","","","","1.0"
"DUSSC-M04-005","DUSSC-M04-005-v1","1","2026-08-02","M04","Vente en urgence","Attitude","Grand public","B2;B4","Question courante","Face à une mortalité anormale dans son élevage, un aviculteur décide de vendre rapidement les oiseaux restants. Cette décision :","[""Est la plus dangereuse, car elle diffuse la maladie vers d'autres élevages et d'autres localités"", ""Est raisonnable sur le plan économique"", ""Est sans conséquence si les oiseaux paraissent sains"", ""Est acceptable si le prix est réduit""]","A","La vente en urgence est le principal mécanisme de diffusion des foyers avicoles. Elle transforme un problème local en épidémie régionale.","Ne vendez ni ne déplacez d'animaux avant l'avis du service vétérinaire.","« Vendre vite limite mes pertes »","Faced with unusual deaths on his farm, a poultry keeper decides to sell the remaining birds quickly. This decision:","[""Is the most dangerous, because it spreads the disease to other farms and other localities"", ""Is reasonable in economic terms"", ""Has no consequence if the birds look healthy"", ""Is acceptable if the price is reduced""]","Emergency selling is the main way poultry outbreaks spread. It turns a local problem into a regional epidemic.","Do not sell or move any animal before the veterinary service has given its opinion.","Traduit","","INV-B-005","MINEPIA","","","","En revue éditoriale","Standard","","2026-08-02 création v1 — rédaction initiale, français et anglais","","","","","","","","1.0"
"DUSSC-M04-006","DUSSC-M04-006-v1","1","2026-08-02","M04","Biosécurité de base","Situation","Intermédiaire","B2","Question courante","Quelle mesure simple réduit le plus le risque d'introduction d'une maladie dans un poulailler ?","[""Repeindre le bâtiment chaque année"", ""Augmenter la densité d'animaux"", ""Limiter les visites, prévoir des chaussures et un matériel réservés à l'élevage, et nettoyer régulièrement"", ""Nourrir les animaux plus souvent""]","C","Les maladies entrent le plus souvent par les personnes, les chaussures, le matériel et les véhicules. Contrôler ces entrées est la base de la biosécurité.","Installez un point de nettoyage à l'entrée et réservez des bottes à l'élevage.","« Les maladies arrivent uniquement par les animaux »","Which simple measure most reduces the risk of a disease entering a poultry house?","[""Repainting the building every year"", ""Increasing the number of birds per space"", ""Limiting visits, keeping boots and equipment for the farm alone, and cleaning regularly"", ""Feeding the birds more often""]","Diseases most often enter through people, footwear, equipment and vehicles. Controlling these entries is the basis of biosecurity.","Set up a cleaning point at the entrance and keep boots for the farm alone.","Traduit","","INV-B-005","MINEPIA","","","","En revue éditoriale","Standard","","2026-08-02 création v1 — rédaction initiale, français et anglais","","","","","","","","1.0"
"DUSSC-M04-007","DUSSC-M04-007-v1","1","2026-08-02","M04","Consommation de volaille","Connaissance","Grand public","A1;A3;C1","Question courante","Concernant la consommation de volaille et d'œufs en période de foyer d'influenza aviaire :","[""Il faut cesser toute consommation de volaille"", ""Les produits issus d'élevages sains et bien cuits restent consommables ; c'est la manipulation d'animaux malades ou morts qui expose"", ""Seuls les œufs crus sont sans danger"", ""La cuisson n'a aucune importance""]","B","Le risque principal vient du contact direct avec des oiseaux malades ou morts, pas de la consommation de produits contrôlés et bien cuits.","Achetez auprès de circuits contrôlés et cuisez complètement volaille et œufs.","« Il faut arrêter de manger de la volaille dès qu'un foyer apparaît »","Regarding poultry and eggs during an avian influenza outbreak:","[""All poultry consumption must stop"", ""Products from healthy farms, well cooked, remain safe; the risk comes from handling sick or dead birds"", ""Only raw eggs are safe"", ""Cooking makes no difference""]","The main risk comes from direct contact with sick or dead birds, not from eating controlled and well-cooked products.","Buy from controlled outlets and cook poultry and eggs thoroughly.","Traduit","","INV-B-005","MINEPIA;MINSANTE","","","","En revue éditoriale","Standard","","2026-08-02 création v1 — rédaction initiale, français et anglais","","","","","","","","1.0"
"DUSSC-M04-008","DUSSC-M04-008-v1","1","2026-08-02","M04","Manipulation à mains nues","Attitude","Grand public","B2;B4;A2","Question courante","Vous devez retirer des oiseaux morts de votre poulailler. Comment procédez-vous ?","[""À mains nues, en me lavant les mains après"", ""En les brûlant immédiatement dans la cour"", ""En demandant à un enfant de le faire"", ""En me protégeant les mains et le visage, sans soulever de poussière, puis en me lavant soigneusement les mains""]","D","Les poussières et plumes soulevées peuvent être inhalées. La protection des mains et des voies respiratoires et le lavage des mains sont indispensables.","Attendez si possible les consignes du service vétérinaire pour l'élimination.","« Se laver les mains après suffit »","You need to remove dead birds from your poultry house. How do you proceed?","[""With bare hands, washing them afterwards"", ""By burning them at once in the yard"", ""By asking a child to do it"", ""Protecting my hands and face, avoiding raising dust, then washing my hands thoroughly""]","Dust and feathers raised in the air can be breathed in. Protecting the hands and airways and washing the hands are essential.","Where possible, wait for the veterinary service to give instructions on disposal.","Traduit","","INV-B-005","MINEPIA;MINSANTE","","","","En revue éditoriale","Standard","","2026-08-02 création v1 — rédaction initiale, français et anglais","","","","","","","","1.0"
"DUSSC-M04-009","DUSSC-M04-009-v1","1","2026-08-02","M04","Marchés à volailles vivantes","Situation","Intermédiaire","B4;B2;D3","Question courante","Sur un marché de volailles vivantes, quelle pratique réduit le risque de diffusion des maladies ?","[""Entasser les cages pour gagner de la place"", ""Nettoyer et désinfecter régulièrement les cages et l'espace de vente, et ne pas ramener les invendus dans l'élevage"", ""Mélanger les oiseaux de plusieurs provenances"", ""Conserver les invendus plusieurs jours sur place""]","B","Les marchés à volailles vivantes rassemblent des animaux de multiples origines. Le nettoyage régulier et la non-réintroduction des invendus limitent fortement la diffusion.","Organisez avec les autres vendeurs un nettoyage régulier de l'espace de vente.","« Les invendus peuvent être ramenés sans risque à l'élevage »","In a live bird market, which practice reduces the spread of disease?","[""Stacking cages to save space"", ""Cleaning and disinfecting cages and the selling area regularly, and not returning unsold birds to the farm"", ""Mixing birds from several sources"", ""Keeping unsold birds on site for several days""]","Live bird markets bring together animals from many origins. Regular cleaning and not returning unsold birds strongly limit spread.","Organise regular cleaning of the selling area together with the other sellers.","Traduit","","INV-B-005","MINEPIA","","","","En revue éditoriale","Standard","","2026-08-02 création v1 — rédaction initiale, français et anglais","","","","","","","","1.0"
"DUSSC-M04-010","DUSSC-M04-010-v1","1","2026-08-02","M04","Litière et effluents","Situation","Professionnel","B2","Question courante","Que faire de la litière et des déchets d'un poulailler touché par une mortalité anormale ?","[""Les épandre immédiatement dans les champs"", ""Les laisser à l'air libre à côté du poulailler"", ""Les vendre comme engrais"", ""Les traiter et les éliminer selon les consignes du service vétérinaire, sans les déplacer au préalable""]","D","La litière contaminée peut transporter le virus vers d'autres élevages. Son élimination fait partie intégrante de la gestion du foyer.","Attendez les consignes du service vétérinaire avant tout déplacement de litière.","« La litière est un simple déchet agricole »","What should be done with litter and waste from a poultry house hit by unusual deaths?","[""Spread it on the fields immediately"", ""Leave it in the open beside the poultry house"", ""Sell it as fertiliser"", ""Treat and dispose of it as instructed by the veterinary service, without moving it beforehand""]","Contaminated litter can carry the virus to other farms. Its disposal is an integral part of managing the outbreak.","Wait for instructions from the veterinary service before moving any litter.","Traduit","","INV-B-005","MINEPIA;MINEPDED","","","","En revue éditoriale","Standard","","2026-08-02 création v1 — rédaction initiale, français et anglais","","","","","","","","1.0"
"DUSSC-M04-011","DUSSC-M04-011-v1","1","2026-08-02","M04","Exposition humaine","Situation","Intermédiaire","B2;B4;D1","Question courante","Une personne ayant manipulé des volailles malades présente de la fièvre quelques jours plus tard. Que doit-elle faire ?","[""Consulter rapidement en signalant clairement le contact récent avec des volailles malades"", ""Attendre que la fièvre passe"", ""Prendre un antibiotique acheté au marché"", ""Continuer à travailler dans l'élevage""]","A","Signaler le contact avec des volailles malades oriente immédiatement le soignant. Sans cette information, le diagnostic peut être retardé.","Consultez sans délai et mentionnez systématiquement l'exposition professionnelle.","« Une fièvre banale ne mérite pas de préciser son métier »","A person who has handled sick poultry develops a fever a few days later. What should she do?","[""Seek care quickly, clearly stating the recent contact with sick poultry"", ""Wait for the fever to pass"", ""Take an antibiotic bought at the market"", ""Continue working on the farm""]","Mentioning contact with sick poultry immediately orients the health worker. Without this information, diagnosis may be delayed.","Seek care without delay and always mention the occupational exposure.","Traduit","","INV-B-005","MINSANTE","","","","En revue éditoriale","Standard","","2026-08-02 création v1 — rédaction initiale, français et anglais","","","","","","","","1.0"
"DUSSC-M04-012","DUSSC-M04-012-v1","1","2026-08-02","M04","Notification","Connaissance","Professionnel","D1;D2","Question courante","Devant une suspicion de foyer d'influenza aviaire, quelle est la priorité de l'agent de terrain ?","[""Confirmer lui-même le diagnostic avant toute notification"", ""Informer d'abord les acheteurs de volailles"", ""Notifier immédiatement selon le circuit établi, limiter les mouvements sur le site et sécuriser la zone"", ""Attendre le rapport hebdomadaire""]","C","La notification immédiate conditionne l'ensemble de la réponse. Attendre une confirmation avant de notifier fait perdre les heures les plus décisives.","Appliquez le circuit de notification et informez en parallèle les services de santé humaine.","« Il faut confirmer avant de notifier »","Faced with a suspected avian influenza outbreak, what is the field officer's priority?","[""Confirming the diagnosis before any notification"", ""Informing poultry buyers first"", ""Notifying immediately through the established channel, limiting movement on the site and securing the area"", ""Waiting for the weekly report""]","Immediate notification shapes the whole response. Waiting for confirmation before notifying wastes the most decisive hours.","Follow the notification channel and inform the human health services in parallel.","Traduit","","INV-B-005","MINEPIA;MINSANTE","","","","En revue éditoriale","Standard","","2026-08-02 création v1 — rédaction initiale, français et anglais","","","","","","","","1.0"
"DUSSC-M04-013","DUSSC-M04-013-v1","1","2026-08-02","M04","Mortalité avicole anormale","Situation","Grand public","B2;A2;B4;D2","Ancre post-test","Un aviculteur voisin constate une mortalité brutale et importante dans son poulailler. Que lui conseillez-vous en premier ?","[""De vendre ce qui reste au marché du lendemain"", ""D'attendre une semaine pour voir"", ""De ne déplacer aucun animal, de limiter les entrées dans le poulailler et d'alerter immédiatement le service vétérinaire"", ""De donner les oiseaux morts aux animaux domestiques""]","C","Immobiliser les animaux et alerter rapidement protège les autres élevages et permet un appui des services. Déplacer ou vendre aggrave et étend le foyer.","Accompagnez-le auprès du centre zootechnique et vétérinaire.","« Mieux vaut vendre que déclarer »","A neighbouring poultry keeper reports sudden and heavy deaths in his poultry house. What do you advise him first?","[""To sell what remains at the market the next day"", ""To wait a week and see"", ""To move no animals, limit entry into the poultry house and alert the veterinary service immediately"", ""To give the dead birds to domestic animals""]","Holding the animals in place and alerting quickly protects other farms and opens the way to support from the services. Moving or selling worsens and spreads the outbreak.","Go with him to the zootechnical and veterinary centre.","Traduit","","INV-B-005","MINEPIA","","","","En revue éditoriale","Standard","","2026-08-02 création v1 — rédaction initiale, français et anglais","","","","","","","","1.0"
"DUSSC-M05-001","DUSSC-M05-001-v1","1","2026-08-02","M05","Reconnaissance et recours","Situation","Grand public","A1;A2;A3;C1;C2;D1","Ancre pré-test","Un membre de votre famille présente depuis trois jours de la fièvre et des boutons sur le visage et les mains. Que faites-vous ?","[""Je l'emmène rapidement au centre de santé, j'évite les contacts rapprochés et je me lave les mains après chaque soin"", ""Je le cache pour éviter que les voisins ne parlent"", ""J'applique un traitement traditionnel sur les boutons"", ""J'attends que les boutons disparaissent""]","A","Consulter tôt permet de confirmer la maladie, de protéger la famille et d'être pris en charge. Cacher un malade retarde les soins et expose les proches.","Rendez-vous au centre de santé. Ne partagez pas les vêtements, la literie ni les ustensiles du malade.","« C'est une maladie honteuse qu'il faut cacher »","A member of your family has had fever for three days and spots on the face and hands. What do you do?","[""I take the person to the health centre quickly, avoid close contact and wash my hands after each care"", ""I hide the person so the neighbours do not talk"", ""I apply a traditional treatment to the spots"", ""I wait for the spots to disappear""]","Seeking care early confirms the illness, protects the family and allows treatment. Hiding a sick person delays care and exposes those close by.","Go to the health centre. Do not share the sick person's clothes, bedding or utensils.","Traduit","","INV-B-007","MINSANTE","","","","En revue éditoriale","Sensible","","2026-08-02 création v1 — rédaction initiale, français et anglais","","","","","","","","1.0"
"DUSSC-M05-002","DUSSC-M05-002-v1","1","2026-08-02","M05","Objets contaminés","Situation","Grand public","A1;A2;C1;D1","Question courante","Une personne atteinte de mpox vit à la maison en attendant sa prise en charge. Quelle mesure protège le mieux la famille ?","[""Éviter les contacts rapprochés, ne pas partager linge, literie et ustensiles, et se laver les mains après chaque soin"", ""Continuer à partager les repas dans le même plat"", ""Isoler la personne dans une pièce sans lui parler ni la nourrir"", ""Désinfecter uniquement les mains du malade""]","A","Le virus se transmet par contact direct avec les lésions et par les objets souillés. Séparer le linge et les ustensiles est aussi important que limiter les contacts physiques.","Lavez le linge du malade séparément et nettoyez les surfaces touchées.","« Seul le contact direct avec la peau transmet la maladie »","A person with mpox is staying at home while awaiting care. Which measure best protects the family?","[""Avoiding close contact, not sharing linen, bedding and utensils, and washing hands after each care"", ""Continuing to share meals from the same dish"", ""Isolating the person in a room without speaking to or feeding them"", ""Disinfecting only the sick person's hands""]","The virus passes through direct contact with the lesions and through soiled objects. Separating linen and utensils matters as much as limiting physical contact.","Wash the sick person's linen separately and clean the surfaces touched.","Traduit","","INV-B-007","MINSANTE","","","","En revue éditoriale","Standard","","2026-08-02 création v1 — rédaction initiale, français et anglais","","","","","","","","1.0"
"DUSSC-M05-003","DUSSC-M05-003-v1","1","2026-08-02","M05","Stigmatisation","Attitude","Grand public","A1;A3;C1;C2;D3","Question courante","Quel est l'effet de la stigmatisation des personnes atteintes de mpox sur l'épidémie ?","[""Elle protège la communauté en isolant les malades"", ""Elle n'a aucun effet sur la propagation"", ""Elle aggrave l'épidémie, car les malades se cachent, consultent tard et continuent d'exposer leur entourage"", ""Elle accélère la guérison des malades""]","C","Une personne qui craint le rejet ne consulte pas et ne prévient pas ses contacts. La stigmatisation est un facteur direct de propagation.","Accueillez les malades sans jugement et encouragez-les à consulter.","« Mettre les malades à l'écart socialement protège la communauté »","What effect does stigmatising people with mpox have on the outbreak?","[""It protects the community by isolating the sick"", ""It has no effect on spread"", ""It worsens the outbreak, because sick people hide, seek care late and continue to expose those around them"", ""It speeds up recovery""]","Someone who fears rejection does not seek care and does not warn their contacts. Stigma directly drives spread.","Receive sick people without judgement and encourage them to seek care.","Traduit","","INV-B-007","MINSANTE;MINCOM","","","","En revue éditoriale","Sensible","","2026-08-02 création v1 — rédaction initiale, français et anglais","","","","","","","","1.0"
"DUSSC-M05-004","DUSSC-M05-004-v1","1","2026-08-02","M05","Faune sauvage","Situation","Grand public","A2;B5;D2","Question courante","Vous trouvez un animal sauvage mort en brousse. Que faites-vous ?","[""Je le ramasse pour le consommer"", ""Je ne le touche pas et je signale la découverte au service des forêts et de la faune ou au service vétérinaire"", ""Je le donne à mes chiens"", ""Je le laisse sans rien dire""]","B","Un animal sauvage trouvé mort peut être porteur de maladies transmissibles à l'homme. Le signalement permet de détecter précocement un événement inhabituel.","Signalez la découverte et ne manipulez jamais l'animal à mains nues.","« Un animal trouvé mort est une viande gratuite »","You find a dead wild animal in the bush. What do you do?","[""I pick it up to eat it"", ""I do not touch it and report the find to the forestry and wildlife service or the veterinary service"", ""I give it to my dogs"", ""I leave it and say nothing""]","A wild animal found dead may carry diseases that pass to people. Reporting allows early detection of an unusual event.","Report the find and never handle the animal with bare hands.","Traduit","","INV-B-007","MINFOF;MINEPIA","","","","En revue éditoriale","Sensible","","2026-08-02 création v1 — rédaction initiale, français et anglais","","","","","","","","1.0"
"DUSSC-M05-005","DUSSC-M05-005-v1","1","2026-08-02","M05","Manipulation et préparation","Situation","Intermédiaire","B5;B3","Question courante","Lors de la manipulation ou de la préparation de gibier, quelle précaution réduit le risque ?","[""Travailler rapidement à mains nues"", ""Utiliser le même couteau pour tout"", ""Goûter la viande crue pour vérifier sa fraîcheur"", ""Se protéger les mains, éviter les blessures, laver longuement les mains et cuire complètement la viande""]","D","Les coupures et les contacts avec le sang et les liquides sont les principales voies d'exposition. La cuisson complète élimine une partie des risques restants.","Consultez rapidement en cas de blessure survenue lors de la manipulation d'un animal sauvage.","« Le gibier frais ne présente aucun risque »","When handling or preparing bushmeat, which precaution reduces the risk?","[""Working fast with bare hands"", ""Using the same knife for everything"", ""Tasting the raw meat to check that it is fresh"", ""Protecting the hands, avoiding cuts, washing the hands thoroughly and cooking the meat completely""]","Cuts and contact with blood and body fluids are the main routes of exposure. Complete cooking removes part of the remaining risk.","Seek care quickly if you are injured while handling a wild animal.","Traduit","","INV-B-007","MINSANTE;MINFOF","","","","En revue éditoriale","Sensible","","2026-08-02 création v1 — rédaction initiale, français et anglais","","","","","","","","1.0"
"DUSSC-M05-006","DUSSC-M05-006-v1","1","2026-08-02","M05","Désinformation vaccinale","Situation","Grand public","A3;C1;C2;D3","Question courante","Une rumeur circule sur le vaccin contre la mpox dans votre quartier. Quelle est la bonne conduite ?","[""Relayer la rumeur pour prévenir les autres"", ""Demander confirmation auprès du district de santé ou d'une source officielle avant d'en parler"", ""Ne plus jamais se rendre au centre de santé"", ""Décider soi-même de ce qui est vrai""]","B","Une rumeur relayée, même avec de bonnes intentions, se diffuse plus vite que sa correction. Vérifier auprès d'une source officielle protège toute la communauté.","Adressez vos questions au district de santé ou aux canaux officiels de la Plateforme Une Seule Santé.","« Partager une rumeur est une façon de prévenir les autres »","A rumour is circulating about the mpox vaccine in your neighbourhood. What is the right course of action?","[""Pass the rumour on to warn others"", ""Ask the health district or an official source to confirm before speaking about it"", ""Never go to the health centre again"", ""Decide for yourself what is true""]","A rumour passed on, even with good intentions, spreads faster than its correction. Checking with an official source protects the whole community.","Put your questions to the health district or to the official channels of the One Health Platform.","Traduit","","INV-B-007","MINSANTE;MINCOM","","","","En revue éditoriale","Sensible","","2026-08-02 création v1 — rédaction initiale, français et anglais","","","","","","","","1.0"
"DUSSC-M05-007","DUSSC-M05-007-v1","1","2026-08-02","M05","Enfants et milieu scolaire","Situation","Grand public","A1;C1;D1","Question courante","Un élève présente des lésions cutanées évocatrices et de la fièvre. Que doit faire l'établissement ?","[""Le renvoyer définitivement de l'école"", ""Annoncer publiquement son nom aux autres élèves"", ""Le garder en classe sans rien dire"", ""Informer la famille, orienter vers le centre de santé et suivre les consignes des autorités sanitaires""]","D","L'orientation vers le soin et le respect de la confidentialité vont ensemble. Exclure ou désigner publiquement un élève ne protège personne et cause un tort durable.","Contactez le centre de santé de rattachement de l'établissement.","« Il faut exclure l'élève et le nommer pour alerter »","A pupil has skin lesions suggesting mpox and a fever. What should the school do?","[""Expel the pupil permanently"", ""Announce the pupil's name publicly to the other pupils"", ""Keep the pupil in class and say nothing"", ""Inform the family, refer to the health centre and follow the instructions of the health authorities""]","Referral for care and respect for confidentiality go together. Excluding or naming a pupil publicly protects nobody and causes lasting harm.","Contact the health centre serving the school.","Traduit","","INV-B-007","MINSANTE;MINESEC","","","","En revue éditoriale","Sensible","","2026-08-02 création v1 — rédaction initiale, français et anglais","","","","","","","","1.0"
"DUSSC-M05-008","DUSSC-M05-008-v1","1","2026-08-02","M05","Automédication","Attitude","Grand public","A1;A2;C1","Question courante","Appliquer des produits traditionnels sur les lésions de mpox :","[""N'est pas recommandé : cela peut surinfecter les lésions et retarde la consultation"", ""Accélère la guérison"", ""Remplace efficacement la prise en charge médicale"", ""Empêche la transmission""]","A","Les manipulations répétées des lésions favorisent les surinfections et augmentent le risque de transmission aux personnes qui appliquent le produit.","Consultez au centre de santé et évitez de toucher les lésions sans protection.","« Les produits traditionnels soignent les lésions »","Applying traditional products to mpox lesions:","[""Is not advised: it can infect the lesions further and delays seeking care"", ""Speeds up healing"", ""Effectively replaces medical care"", ""Prevents transmission""]","Repeatedly touching the lesions favours secondary infection and increases the risk of passing the disease to whoever applies the product.","Seek care at the health centre and avoid touching the lesions unprotected.","Traduit","","INV-B-007","MINSANTE","","","","En revue éditoriale","Sensible","","2026-08-02 création v1 — rédaction initiale, français et anglais","","","","","","","","1.0"
"DUSSC-M05-009","DUSSC-M05-009-v1","1","2026-08-02","M05","Orientation","Orientation","Grand public","A1;A2;A3;C1","Question courante","Où faut-il se rendre en cas d'éruption cutanée inhabituelle accompagnée de fièvre ?","[""Chez un vendeur de médicaments"", ""Chez un guérisseur"", ""Au centre de santé le plus proche"", ""Nulle part, il faut attendre la guérison""]","C","Seule une structure de soins peut confirmer la maladie, prendre en charge le patient et protéger l'entourage par les mesures appropriées.","Rendez-vous au centre de santé et signalez tout contact récent avec une personne malade ou un animal sauvage.","« Il n'y a rien à faire dans une structure de soins »","Where should you go if you develop an unusual skin rash together with fever?","[""To a medicine seller"", ""To a traditional healer"", ""To the nearest health centre"", ""Nowhere, you should wait for it to clear""]","Only a care facility can confirm the illness, manage the patient and protect those around them with the right measures.","Go to the health centre and mention any recent contact with a sick person or a wild animal.","Traduit","","INV-B-007","MINSANTE","","","","En revue éditoriale","Standard","","2026-08-02 création v1 — rédaction initiale, français et anglais","","","","","","","","1.0"
"DUSSC-M05-010","DUSSC-M05-010-v1","1","2026-08-02","M05","Réintégration après guérison","Attitude","Grand public","A1;A3;C1;D3","Question courante","Une personne guérie de la mpox revient dans son quartier. Quelle attitude est juste ?","[""L'éviter durablement par précaution"", ""Lui interdire l'accès aux lieux publics"", ""L'accueillir normalement, une fois la guérison confirmée par les services de santé"", ""Lui demander de quitter le quartier""]","C","Après guérison confirmée, la personne ne présente plus de risque pour son entourage. Le rejet prolongé n'a aucune justification sanitaire et cause un tort réel.","En cas de doute, demandez conseil au centre de santé plutôt que de vous fier aux rumeurs.","« Une personne guérie reste contagieuse à vie »","A person who has recovered from mpox returns to the neighbourhood. What is the right attitude?","[""Avoid the person for a long time as a precaution"", ""Bar the person from public places"", ""Receive the person normally, once recovery has been confirmed by the health services"", ""Ask the person to leave the neighbourhood""]","After confirmed recovery, the person no longer poses a risk to those around them. Prolonged rejection has no health justification and causes real harm.","If in doubt, ask the health centre for advice rather than relying on rumours.","Traduit","","INV-B-007","MINSANTE","","","","En revue éditoriale","Sensible","","2026-08-02 création v1 — rédaction initiale, français et anglais","","","","","","","","1.0"
"DUSSC-M05-011","DUSSC-M05-011-v1","1","2026-08-02","M05","Modes de transmission","Connaissance","Grand public","A1;A3;C1;C2","Question courante","Comment la mpox se transmet-elle principalement entre personnes ?","[""Par contact direct rapproché avec les lésions, les liquides biologiques ou les objets souillés"", ""Par le regard ou la parole"", ""Uniquement par les animaux"", ""Par l'eau de boisson""]","A","Le contact direct rapproché est la voie principale entre personnes. Le contact avec certains animaux sauvages malades ou morts constitue une autre voie d'exposition.","Limitez les contacts rapprochés avec une personne présentant des lésions et lavez-vous les mains.","« On attrape la mpox en croisant un malade »","How does mpox mainly pass between people?","[""Through close direct contact with the lesions, body fluids or soiled objects"", ""Through looking or speaking"", ""Only through animals"", ""Through drinking water""]","Close direct contact is the main route between people. Contact with certain sick or dead wild animals is another route of exposure.","Limit close contact with anyone who has lesions and wash your hands.","Traduit","","INV-B-007","MINSANTE","","","","En revue éditoriale","Standard","","2026-08-02 création v1 — rédaction initiale, français et anglais","","","","","","","","1.0"
"DUSSC-M05-012","DUSSC-M05-012-v1","1","2026-08-02","M05","Protection des soignants et aidants","Situation","Professionnel","D1;D2","Question courante","Quelle mesure est prioritaire pour protéger un aidant qui s'occupe d'un patient à domicile ?","[""Se laver les mains une fois par jour"", ""Éviter tout contact, y compris pour l'alimentation"", ""Porter des gants en permanence sans les changer"", ""Utiliser une protection des mains lors des soins, gérer le linge séparément et se laver les mains après chaque contact""]","D","La protection des mains, la gestion du linge et l'hygiène des mains après chaque contact constituent le socle. Un aidant informé protège le foyer entier.","Formez systématiquement l'aidant principal lors de la prise en charge à domicile.","« Les gants remplacent le lavage des mains »","Which measure is the priority in protecting someone caring for a patient at home?","[""Washing the hands once a day"", ""Avoiding all contact, including for feeding"", ""Wearing gloves permanently without changing them"", ""Protecting the hands during care, handling linen separately and washing the hands after each contact""]","Hand protection, separate handling of linen and hand hygiene after each contact form the core. An informed carer protects the whole household.","Always train the main carer when a patient is managed at home.","Traduit","","INV-B-007","MINSANTE","","","","En revue éditoriale","Standard","","2026-08-02 création v1 — rédaction initiale, français et anglais","","","","","","","","1.0"
"DUSSC-M05-013","DUSSC-M05-013-v1","1","2026-08-02","M05","Reconnaissance et recours","Situation","Grand public","A1;A2;A3;C1;C2;D1","Ancre post-test","Une voisine vous confie que son fils a de la fièvre et des lésions cutanées, mais qu'elle craint le regard des autres. Que lui conseillez-vous ?","[""D'attendre que les lésions disparaissent"", ""De l'emmener rapidement au centre de santé, en limitant les contacts rapprochés en attendant"", ""De ne rien dire à personne et de le soigner à la maison"", ""De l'envoyer chez des parents dans un autre quartier""]","B","La crainte du jugement est la première cause de retard de recours. Consulter tôt protège l'enfant, la famille et le quartier.","Proposez de l'accompagner au centre de santé et rassurez-la sur la confidentialité.","« Mieux vaut cacher la maladie que d'affronter le regard des autres »","A neighbour tells you her son has fever and skin lesions, but that she fears what others will say. What do you advise her?","[""To wait for the lesions to disappear"", ""To take him to the health centre quickly, limiting close contact in the meantime"", ""To say nothing to anyone and treat him at home"", ""To send him to relatives in another neighbourhood""]","Fear of judgement is the leading cause of delayed care. Seeking care early protects the child, the family and the neighbourhood.","Offer to go with her to the health centre and reassure her about confidentiality.","Traduit","","INV-B-007","MINSANTE","","","","En revue éditoriale","Sensible","","2026-08-02 création v1 — rédaction initiale, français et anglais","","","","","","","","1.0"
"DUSSC-M06-001","DUSSC-M06-001-v1","1","2026-08-02","M06","Signes d'alerte","Situation","Intermédiaire","A2;C2;D1;B5","Question courante","Une personne présente une fièvre élevée accompagnée de saignements inhabituels. Quelle est la conduite prioritaire ?","[""La soigner à domicile avec les moyens disponibles"", ""Alerter immédiatement le centre de santé, limiter les contacts et ne pas manipuler les liquides biologiques sans protection"", ""Attendre 48 heures avant de décider"", ""La transporter soi-même sans prévenir la structure de soins""]","B","Une fièvre avec saignements impose une alerte immédiate et des précautions strictes. Prévenir la structure avant l'arrivée permet d'organiser un accueil sécurisé.","Appelez le centre de santé avant de déplacer la personne et suivez ses consignes.","« On peut soigner ce type de fièvre à la maison »","A person has a high fever together with unusual bleeding. What is the priority?","[""Treating the person at home with whatever is available"", ""Alerting the health centre immediately, limiting contact and not handling body fluids unprotected"", ""Waiting 48 hours before deciding"", ""Taking the person there yourself without informing the facility""]","Fever with bleeding calls for an immediate alert and strict precautions. Informing the facility before arrival allows a safe reception to be arranged.","Call the health centre before moving the person and follow its instructions.","Traduit","","INV-B-011","MINSANTE","","","","En revue éditoriale","Sensible","","2026-08-02 création v1 — rédaction initiale, français et anglais","","","","","","","","1.0"
"DUSSC-M06-002","DUSSC-M06-002-v1","1","2026-08-02","M06","Funérailles","Situation","Intermédiaire","A1;A2;C2;D3","Question courante","Une personne décède après une fièvre avec saignements. Quelle conduite protège la famille ?","[""Procéder à la toilette funéraire traditionnelle en famille"", ""Transporter le corps vers le village d'origine sans en informer les autorités"", ""Organiser rapidement de grandes funérailles"", ""Ne pas manipuler le corps et suivre les consignes des services de santé pour une prise en charge sécurisée""]","D","Le corps reste très contaminant pour certaines maladies. Les toilettes funéraires traditionnelles ont provoqué de nombreuses contaminations lors d'épidémies passées.","Contactez immédiatement le centre de santé avant toute organisation funéraire.","« La toilette funéraire est sans danger »","A person dies after a fever with bleeding. Which course of action protects the family?","[""Carrying out the traditional funeral washing as a family"", ""Moving the body to the home village without informing the authorities"", ""Quickly organising a large funeral"", ""Not handling the body and following the instructions of the health services for safe management""]","For some diseases the body remains highly contaminating. Traditional funeral washing has caused many infections during past outbreaks.","Contact the health centre immediately before making any funeral arrangements.","Traduit","","INV-B-011","MINSANTE","","","","En revue éditoriale","Sensible","","2026-08-02 création v1 — rédaction initiale, français et anglais","","","","","","","","1.0"
"DUSSC-M06-003","DUSSC-M06-003-v1","1","2026-08-02","M06","Stockage des denrées","Situation","Grand public","A1;A2;C1","Question courante","Comment protéger le mieux vos denrées alimentaires des rongeurs ?","[""En les couvrant d'un tissu"", ""En les stockant dans des récipients fermés et surélevés, et en ne séchant pas les aliments à même le sol"", ""En les gardant dans la cuisine"", ""En les vendant rapidement""]","B","Les rongeurs souillent les aliments par leurs urines et leurs déjections. Un récipient réellement fermé est la seule barrière efficace.","Utilisez des récipients à couvercle et éloignez les stocks du sol et des murs.","« Un tissu suffit à protéger les aliments »","How can you best protect your food stores from rodents?","[""By covering them with a cloth"", ""By storing them in closed, raised containers, and not drying food directly on the ground"", ""By keeping them in the kitchen"", ""By selling them quickly""]","Rodents soil food with their urine and droppings. A genuinely closed container is the only effective barrier.","Use containers with lids and keep stores away from the ground and walls.","Traduit","","INV-B-011","MINSANTE;MINADER","","","","En revue éditoriale","Standard","","2026-08-02 création v1 — rédaction initiale, français et anglais","","","","","","","","1.0"
"DUSSC-M06-004","DUSSC-M06-004-v1","1","2026-08-02","M06","Séchage des aliments","Attitude","Grand public","A1;A2;B4","Question courante","Sécher les céréales ou le poisson à même le sol :","[""Est la meilleure méthode traditionnelle"", ""Améliore la conservation"", ""N'a aucune conséquence si le sol est sec"", ""Expose les aliments aux urines et déjections de rongeurs et aux poussières""]","D","Le séchage au sol met directement les aliments en contact avec les déjections des rongeurs et les poussières contaminées.","Séchez sur des claies ou des bâches surélevées, à l'abri des animaux.","« Le séchage au sol est sans risque »","Drying grain or fish directly on the ground:","[""Is the best traditional method"", ""Improves preservation"", ""Has no consequence if the ground is dry"", ""Exposes food to rodent urine and droppings and to dust""]","Drying on the ground puts food in direct contact with rodent droppings and contaminated dust.","Dry on raised racks or sheets, out of reach of animals.","Traduit","","INV-B-011","MINSANTE;MINADER","","","","En revue éditoriale","Standard","","2026-08-02 création v1 — rédaction initiale, français et anglais","","","","","","","","1.0"
"DUSSC-M06-005","DUSSC-M06-005-v1","1","2026-08-02","M06","Consommation de rongeurs","Attitude","Grand public","A2;B5;C1","Question courante","Consommer des rongeurs capturés dans les habitations ou les champs :","[""Expose à des maladies graves, y compris lors de la capture et de la préparation"", ""Est sans danger si la viande est cuite"", ""Est recommandé en période de soudure"", ""Ne présente de risque que pour les enfants""]","A","Le risque existe dès la capture et la préparation, par contact avec le sang, les urines et les déjections, avant même toute cuisson.","Évitez la capture et la consommation de rongeurs et protégez vos stocks alimentaires.","« Le risque disparaît avec la cuisson »","Eating rodents caught in homes or fields:","[""Exposes you to serious diseases, including during capture and preparation"", ""Is safe if the meat is cooked"", ""Is advisable during the lean season"", ""Is only a risk for children""]","The risk arises from the moment of capture and preparation, through contact with blood, urine and droppings, well before any cooking.","Avoid catching and eating rodents, and protect your food stores.","Traduit","","INV-B-011","MINSANTE","","","","En revue éditoriale","Sensible","","2026-08-02 création v1 — rédaction initiale, français et anglais","","","","","","","","1.0"
"DUSSC-M06-006","DUSSC-M06-006-v1","1","2026-08-02","M06","Contacts avec la faune","Situation","Intermédiaire","B5;A2;D2","Question courante","Quelle précaution est recommandée lors de la fréquentation de grottes ou de sites abritant des colonies de chauves-souris ?","[""Aucune, ces animaux sont inoffensifs"", ""Capturer quelques animaux pour les examiner"", ""Éviter les contacts, ne pas manipuler les animaux et se protéger les voies respiratoires si l'accès est nécessaire"", ""Y faire dormir le bétail""]","C","Certaines maladies graves ont été associées à l'exposition dans ces milieux. Éviter les contacts directs et les manipulations reste la précaution de base.","Signalez toute exposition inhabituelle lors d'une consultation médicale.","« Ces sites ne présentent aucun risque »","Which precaution is recommended when entering caves or sites housing bat colonies?","[""None, these animals are harmless"", ""Catching a few animals for examination"", ""Avoiding contact, not handling the animals and protecting the airways if entry is necessary"", ""Sheltering livestock there""]","Some serious diseases have been linked to exposure in these settings. Avoiding direct contact and handling remains the basic precaution.","Mention any unusual exposure when you seek medical care.","Traduit","","INV-B-011","MINSANTE;MINFOF","","","","En revue éditoriale","Standard","","2026-08-02 création v1 — rédaction initiale, français et anglais","","","","","","","","1.0"
"DUSSC-M06-007","DUSSC-M06-007-v1","1","2026-08-02","M06","Décès groupés","Situation","Intermédiaire","A2;C2;D1;D3","Question courante","Plusieurs décès inexpliqués surviennent en quelques jours dans une même localité. Quelle est la bonne conduite ?","[""Attendre de comprendre avant d'en parler"", ""Chercher un responsable dans la communauté"", ""Informer immédiatement le centre de santé et les autorités locales, même sans savoir de quoi il s'agit"", ""Organiser des funérailles collectives rapidement""]","C","Une alerte précoce, même incertaine, permet une investigation rapide. Chercher un responsable retarde la réponse et provoque des tensions dangereuses.","Signalez au centre de santé et à l'autorité administrative locale sans attendre d'explication.","« Il faut comprendre avant de signaler »","Several unexplained deaths occur within a few days in the same locality. What is the right course of action?","[""Wait until you understand before speaking about it"", ""Look for someone in the community to blame"", ""Inform the health centre and the local authorities immediately, even without knowing what it is"", ""Quickly organise collective funerals""]","An early alert, even an uncertain one, allows a rapid investigation. Looking for someone to blame delays the response and creates dangerous tension.","Report to the health centre and the local administrative authority without waiting for an explanation.","Traduit","","INV-B-011","MINSANTE;MINAT","","","","En revue éditoriale","Sensible","","2026-08-02 création v1 — rédaction initiale, français et anglais","","","","","","","","1.0"
"DUSSC-M06-008","DUSSC-M06-008-v1","1","2026-08-02","M06","Transport d'un malade","Situation","Intermédiaire","A2;D1;D3","Question courante","Comment transporter une personne suspectée d'une fièvre hémorragique vers une structure de soins ?","[""En prévenant d'abord la structure de soins et en suivant ses consignes, avec un minimum de personnes et des précautions de contact"", ""Dans un transport en commun bondé"", ""Sans prévenir personne, pour gagner du temps"", ""En la confiant à un voisin sans instruction""]","A","Prévenir la structure permet d'organiser un accueil séparé et de protéger les autres patients, les accompagnants et le personnel.","Appelez le centre de santé avant tout déplacement du malade.","« Le plus rapide est d'arriver sans prévenir »","How should a person suspected of a viral haemorrhagic fever be taken to a care facility?","[""By informing the facility first and following its instructions, with as few people as possible and contact precautions"", ""In a crowded public vehicle"", ""Without telling anyone, to save time"", ""By entrusting the person to a neighbour without instructions""]","Informing the facility allows a separate reception to be arranged and protects other patients, those accompanying, and staff.","Call the health centre before moving the patient.","Traduit","","INV-B-011","MINSANTE","","","","En revue éditoriale","Sensible","","2026-08-02 création v1 — rédaction initiale, français et anglais","","","","","","","","1.0"
"DUSSC-M06-009","DUSSC-M06-009-v1","1","2026-08-02","M06","Protection individuelle","Connaissance","Professionnel","D1;D2","Question courante","Face à un cas suspect de fièvre hémorragique, quelle est la priorité pour l'agent de santé ?","[""Réaliser immédiatement un prélèvement sans protection"", ""Informer uniquement sa hiérarchie en fin de journée"", ""Renvoyer le patient à domicile en attendant confirmation"", ""Appliquer les précautions standard renforcées, isoler le patient et notifier sans délai""]","D","La protection du personnel et l'isolement précoce conditionnent toute la suite. La notification immédiate déclenche l'appui de l'équipe d'investigation.","Appliquez le protocole national de prise en charge et notifiez selon le circuit établi.","« On peut attendre la confirmation avant d'isoler »","Faced with a suspected case of viral haemorrhagic fever, what is the health worker's priority?","[""Taking a sample immediately without protection"", ""Informing only the hierarchy at the end of the day"", ""Sending the patient home pending confirmation"", ""Applying reinforced standard precautions, isolating the patient and notifying without delay""]","Protecting staff and isolating early determine everything that follows. Immediate notification triggers support from the investigation team.","Apply the national management protocol and notify through the established channel.","Traduit","","INV-B-011","MINSANTE","","","","En revue éditoriale","Standard","","2026-08-02 création v1 — rédaction initiale, français et anglais","","","","","","","","1.0"
"DUSSC-M06-010","DUSSC-M06-010-v1","1","2026-08-02","M06","Lutte contre les rongeurs","Situation","Grand public","A1;A2;C1","Question courante","Des rongeurs sont présents dans votre habitation. Quelle mesure est la plus efficace ?","[""Laisser des restes de nourriture pour les attirer loin de la cuisine"", ""Supprimer l'accès à la nourriture et à l'eau, boucher les ouvertures et éliminer les déchets régulièrement"", ""Utiliser uniquement des produits chimiques sans autre mesure"", ""Ne rien faire, leur présence est normale""]","B","Les rongeurs restent là où ils trouvent nourriture et abri. Supprimer ces conditions est plus efficace et plus durable que les seuls produits.","Stockez les aliments en récipients fermés et évacuez les déchets chaque jour.","« La présence de rongeurs est inévitable »","There are rodents in your home. Which measure is most effective?","[""Leaving food scraps out to draw them away from the kitchen"", ""Removing access to food and water, blocking openings and clearing waste regularly"", ""Using chemical products only, with no other measure"", ""Doing nothing, their presence is normal""]","Rodents stay where they find food and shelter. Removing these conditions works better and lasts longer than products alone.","Store food in closed containers and clear waste every day.","Traduit","","INV-B-011","MINSANTE;MINEPDED","","","","En revue éditoriale","Standard","","2026-08-02 création v1 — rédaction initiale, français et anglais","","","","","","","","1.0"
"DUSSC-M07-001","DUSSC-M07-001-v1","1","2026-08-02","M07","Lait et produits laitiers","Situation","Grand public","A1;A2;B1;B4;C1","Ancre pré-test","Vous achetez du lait frais directement chez un éleveur. Que faites-vous avant de le donner à vos enfants ?","[""Je le donne tel quel, c'est du lait naturel"", ""J'y ajoute du sucre pour le conserver"", ""Je le mets simplement au frais"", ""Je le fais bouillir avant de le consommer""]","D","Le lait cru peut contenir les germes de la brucellose ou de la tuberculose bovine, sans changement de goût ni d'odeur. L'ébullition les détruit.","Faites bouillir tout lait non pasteurisé, en particulier pour les enfants, les femmes enceintes et les personnes âgées.","« Le lait frais du village est le plus sain »","You buy fresh milk directly from a livestock keeper. What do you do before giving it to your children?","[""I give it as it is, it is natural milk"", ""I add sugar to preserve it"", ""I simply keep it cool"", ""I boil it before it is drunk""]","Raw milk can carry the germs of brucellosis or bovine tuberculosis, with no change in taste or smell. Boiling destroys them.","Boil all unpasteurised milk, especially for children, pregnant women and the elderly.","Traduit","","INV-B-012","MINEPIA;MINSANTE","","","","En revue éditoriale","Standard","","2026-08-02 création v1 — rédaction initiale, français et anglais","","","","","","","","1.0"
"DUSSC-M07-002","DUSSC-M07-002-v1","1","2026-08-02","M07","Contamination croisée","Situation","Grand public","A1;B3;B4;C1","Question courante","Vous venez de découper de la viande crue et devez maintenant couper des légumes pour la salade. Que faites-vous ?","[""Je lave le couteau et la planche à l'eau et au savon, ou j'utilise un autre matériel"", ""J'essuie le couteau avec un chiffon"", ""J'utilise le même couteau, la salade sera lavée ensuite"", ""Je rince le couteau à l'eau seulement""]","A","Les germes de la viande crue passent sur les aliments consommés sans cuisson. C'est l'une des causes les plus fréquentes et les plus sous-estimées d'intoxication.","Réservez si possible une planche et un couteau aux aliments crus d'origine animale.","« Essuyer le couteau suffit »","You have just cut raw meat and now need to cut vegetables for a salad. What do you do?","[""I wash the knife and board with water and soap, or use different equipment"", ""I wipe the knife with a cloth"", ""I use the same knife, the salad will be washed afterwards"", ""I rinse the knife with water only""]","Germs from raw meat pass onto food eaten without cooking. This is one of the most frequent and most underestimated causes of food poisoning.","Where possible, keep one board and one knife for raw foods of animal origin.","Traduit","","INV-B-012","MINSANTE","","","","En revue éditoriale","Standard","","2026-08-02 création v1 — rédaction initiale, français et anglais","","","","","","","","1.0"
"DUSSC-M07-003","DUSSC-M07-003-v1","1","2026-08-02","M07","Origine des viandes","Attitude","Grand public","A1;B4;C1","Question courante","Un vendeur ambulant vous propose de la viande à un prix très inférieur au marché, sans indication d'abattoir. Que faites-vous ?","[""J'achète, c'est une bonne affaire"", ""J'achète et je cuis longtemps"", ""Je refuse et j'achète auprès d'un point de vente contrôlé"", ""J'achète pour les animaux domestiques""]","C","Une viande non inspectée peut provenir d'un animal malade ou mort de maladie. La cuisson ne supprime pas tous les dangers, notamment pour certaines maladies.","Achetez auprès de circuits contrôlés et vérifiez la présence de l'estampille d'inspection.","« Une bonne cuisson rattrape une viande douteuse »","A street trader offers you meat at a price far below the market, with no indication of the abattoir. What do you do?","[""I buy, it is a good deal"", ""I buy and cook it for a long time"", ""I refuse and buy from a controlled outlet"", ""I buy it for my domestic animals""]","Uninspected meat may come from an animal that was sick or died of disease. Cooking does not remove every danger, particularly for some diseases.","Buy from controlled outlets and check for the inspection stamp.","Traduit","","INV-B-012","MINEPIA;MINSANTE","","","","En revue éditoriale","Standard","","2026-08-02 création v1 — rédaction initiale, français et anglais","","","","","","","","1.0"
"DUSSC-M07-004","DUSSC-M07-004-v1","1","2026-08-02","M07","Cuisson","Connaissance","Grand public","A1;C1;B4","Question courante","Pour être sûr qu'une viande ou une volaille est sans danger, il faut :","[""Qu'elle soit dorée à l'extérieur"", ""Qu'elle soit saisie rapidement à feu vif"", ""Qu'elle soit cuite à cœur, sans partie rosée ni jus rosé au centre"", ""Qu'elle soit simplement chaude""]","C","Les germes se trouvent aussi à l'intérieur du morceau. Une surface bien dorée ne garantit pas que le centre a atteint une température suffisante.","Vérifiez la cuisson au centre du morceau, en particulier pour la volaille et la viande hachée.","« Une viande dorée à l'extérieur est cuite »","To be sure that meat or poultry is safe, it must:","[""Be browned on the outside"", ""Be seared quickly over a high flame"", ""Be cooked right through, with no pink part and no pink juices at the centre"", ""Simply be hot""]","Germs are also found inside the piece. A well-browned surface does not guarantee that the centre has reached a sufficient temperature.","Check the cooking at the centre of the piece, particularly for poultry and minced meat.","Traduit","","INV-B-012","MINSANTE","","","","En revue éditoriale","Standard","","2026-08-02 création v1 — rédaction initiale, français et anglais","","","","","","","","1.0"
"DUSSC-M07-005","DUSSC-M07-005-v1","1","2026-08-02","M07","Conservation des restes","Situation","Grand public","A1;C1","Question courante","Que faire d'un plat cuisiné laissé plusieurs heures à température ambiante par temps chaud ?","[""Le réchauffer complètement avant consommation, ou le jeter en cas de doute sur la durée"", ""Le consommer tel quel, il a bon goût"", ""Le laisser encore une nuit"", ""Y ajouter des épices pour masquer le goût""]","A","Les germes se multiplient rapidement dans un plat tiède. Certains produisent des substances toxiques que le réchauffage ne détruit pas.","Conservez au frais ou consommez dans un délai court, et réchauffez complètement avant de servir.","« Si ça sent bon, c'est bon »","What should be done with a cooked dish left for several hours at room temperature in hot weather?","[""Reheat it thoroughly before eating, or throw it away if the time is uncertain"", ""Eat it as it is, it tastes fine"", ""Leave it one more night"", ""Add spices to mask the taste""]","Germs multiply quickly in a lukewarm dish. Some produce toxic substances that reheating does not destroy.","Keep food cool or eat it soon, and reheat thoroughly before serving.","Traduit","","INV-B-012","MINSANTE","","","","En revue éditoriale","Standard","","2026-08-02 création v1 — rédaction initiale, français et anglais","","","","","","","","1.0"
"DUSSC-M07-006","DUSSC-M07-006-v1","1","2026-08-02","M07","Œufs","Connaissance","Grand public","A1;B2;B4","Question courante","Que faire d'un œuf fêlé ou très souillé ?","[""Le consommer cru"", ""Le conserver plus longtemps que les autres"", ""Le laver longuement puis le consommer cru"", ""Ne pas le consommer cru et le cuire complètement, ou l'écarter si la coquille est cassée""]","D","Une coquille fêlée ou souillée laisse passer des germes vers l'intérieur de l'œuf. La cuisson complète est indispensable.","Évitez les préparations à base d'œufs crus, en particulier pour les enfants et les personnes fragiles.","« Un œuf souillé lavé redevient sûr »","What should be done with a cracked or heavily soiled egg?","[""Eat it raw"", ""Keep it longer than the others"", ""Wash it well then eat it raw"", ""Do not eat it raw, cook it thoroughly, or discard it if the shell is broken""]","A cracked or soiled shell lets germs into the egg. Thorough cooking is essential.","Avoid dishes made with raw eggs, particularly for children and vulnerable people.","Traduit","","INV-B-012","MINSANTE;MINEPIA","","","","En revue éditoriale","Standard","","2026-08-02 création v1 — rédaction initiale, français et anglais","","","","","","","","1.0"
"DUSSC-M07-007","DUSSC-M07-007-v1","1","2026-08-02","M07","Poisson et produits fumés","Situation","Grand public","A1;B4","Question courante","Un poisson fumé est conservé plusieurs jours à l'air libre sur un étal. Quel est le principal risque ?","[""Aucun, le fumage conserve indéfiniment"", ""La contamination par les mouches, les poussières et l'humidité, qui favorise le développement de germes et de moisissures"", ""Une simple perte de goût"", ""Un changement de couleur sans conséquence""]","B","Le fumage prolonge la conservation mais ne protège pas d'une recontamination. Un produit exposé aux mouches et à l'humidité redevient dangereux.","Couvrez les produits exposés et protégez-les des insectes et de l'humidité.","« Le fumage conserve indéfiniment »","Smoked fish is kept for several days in the open air on a stall. What is the main risk?","[""None, smoking preserves it indefinitely"", ""Contamination by flies, dust and damp, which allows germs and moulds to develop"", ""Simply a loss of flavour"", ""A change of colour with no consequence""]","Smoking extends shelf life but does not prevent recontamination. A product exposed to flies and damp becomes dangerous again.","Cover exposed products and keep them away from insects and damp.","Traduit","","INV-B-012","MINSANTE","","","","En revue éditoriale","Standard","","2026-08-02 création v1 — rédaction initiale, français et anglais","","","","","","","","1.0"
"DUSSC-M07-008","DUSSC-M07-008-v1","1","2026-08-02","M07","Fruits et légumes","Connaissance","Grand public","A1;C1","Question courante","Avant de consommer des fruits et légumes crus, il faut :","[""Les essuyer avec un chiffon"", ""Ne rien faire s'ils paraissent propres"", ""Les laisser au soleil"", ""Les laver soigneusement à l'eau propre, et les éplucher lorsque c'est possible""]","D","Les fruits et légumes peuvent porter des germes venant du sol, de l'eau d'irrigation ou des mains. L'eau utilisée pour les laver doit elle-même être propre.","Lavez à l'eau propre et épluchez si vous ne connaissez pas l'origine du produit.","« Un produit propre à l'œil est propre »","Before eating raw fruit and vegetables, you should:","[""Wipe them with a cloth"", ""Do nothing if they look clean"", ""Leave them in the sun"", ""Wash them carefully with clean water, and peel them where possible""]","Fruit and vegetables can carry germs from the soil, from irrigation water or from hands. The water used to wash them must itself be clean.","Wash with clean water and peel if you do not know where the produce comes from.","Traduit","","INV-B-012","MINSANTE;MINADER","","","","En revue éditoriale","Standard","","2026-08-02 création v1 — rédaction initiale, français et anglais","","","","","","","","1.0"
"DUSSC-M07-009","DUSSC-M07-009-v1","1","2026-08-02","M07","Hygiène du manipulateur","Situation","Grand public","B3;B4","Question courante","Un vendeur d'aliments a une plaie sur la main. Que doit-il faire ?","[""Continuer à travailler normalement"", ""Protéger la plaie de façon étanche et éviter le contact direct avec les aliments, ou confier cette tâche à une autre personne"", ""La laisser à l'air pour qu'elle sèche"", ""La couvrir avec un chiffon""]","B","Une plaie peut contenir des germes qui passent directement dans les aliments. Un pansement étanche et la limitation des contacts sont indispensables.","Prévoyez toujours de quoi protéger une plaie sur les lieux de préparation ou de vente.","« Une petite plaie n'a pas d'importance »","A food seller has a wound on the hand. What should be done?","[""Carry on working as usual"", ""Cover the wound with a waterproof dressing and avoid direct contact with food, or hand the task to someone else"", ""Leave it uncovered so it dries"", ""Cover it with a cloth""]","A wound can carry germs that pass straight into food. A waterproof dressing and limited contact are essential.","Always keep dressings available where food is prepared or sold.","Traduit","","INV-B-012","MINSANTE","","","","En revue éditoriale","Standard","","2026-08-02 création v1 — rédaction initiale, français et anglais","","","","","","","","1.0"
"DUSSC-M07-010","DUSSC-M07-010-v1","1","2026-08-02","M07","Décongélation","Connaissance","Grand public","A1;B4","Question courante","Comment décongeler correctement de la viande ?","[""En la laissant toute la journée au soleil"", ""Dans l'eau tiède pendant plusieurs heures"", ""Au frais, ou juste avant la cuisson, et sans recongeler un produit déjà décongelé"", ""En la laissant sur la table jusqu'au soir""]","C","Une décongélation lente à température ambiante permet aux germes de se multiplier en surface pendant que le centre est encore gelé.","Ne recongelez jamais un produit décongelé et cuisez-le rapidement.","« On peut recongeler sans risque »","How should meat be thawed correctly?","[""By leaving it in the sun all day"", ""In warm water for several hours"", ""In a cool place, or just before cooking, and never refreezing a thawed product"", ""By leaving it on the table until evening""]","Slow thawing at room temperature allows germs to multiply on the surface while the centre is still frozen.","Never refreeze a thawed product and cook it promptly.","Traduit","","INV-B-012","MINSANTE","","","","En revue éditoriale","Standard","","2026-08-02 création v1 — rédaction initiale, français et anglais","","","","","","","","1.0"
"DUSSC-M07-011","DUSSC-M07-011-v1","1","2026-08-02","M07","Inspection des viandes","Connaissance","Grand public","A1;B3;B4","Question courante","À quoi sert l'estampille apposée sur une carcasse dans un abattoir contrôlé ?","[""À attester que l'animal et la viande ont été examinés par un service d'inspection"", ""À indiquer le prix de vente"", ""À signaler la race de l'animal"", ""À décorer la carcasse""]","A","L'inspection vérifie que l'animal ne présentait pas de maladie transmissible et que la viande est propre à la consommation. C'est la garantie la plus accessible au consommateur.","Demandez à voir l'estampille ou achetez auprès de points de vente contrôlés.","« L'estampille est une simple formalité administrative »","What is the purpose of the stamp applied to a carcass in a controlled abattoir?","[""To certify that the animal and the meat were examined by an inspection service"", ""To indicate the selling price"", ""To show the breed of the animal"", ""To decorate the carcass""]","Inspection checks that the animal carried no transmissible disease and that the meat is fit to eat. It is the most accessible guarantee for the consumer.","Ask to see the stamp or buy from controlled outlets.","Traduit","","INV-B-012","MINEPIA","","","","En revue éditoriale","Standard","","2026-08-02 création v1 — rédaction initiale, français et anglais","","","","","","","","1.0"
"DUSSC-M07-012","DUSSC-M07-012-v1","1","2026-08-02","M07","Protection des étals","Situation","Grand public","B4;A1;D3","Question courante","Sur un marché, un étal de viande est exposé aux mouches et à la poussière. Quel est le risque ?","[""Les mouches transportent des germes des déchets vers la viande, contaminant le produit avant même la cuisson"", ""Aucun, la cuisson réglera tout"", ""Un simple problème d'apparence"", ""Un risque uniquement pour le vendeur""]","A","Les mouches se déplacent entre les déchets, les selles et les aliments. Elles déposent des germes en très grand nombre sur les surfaces exposées.","Utilisez des vitrines, des couvertures ou des filets, et évacuez les déchets à distance des étals.","« Les mouches ne sont qu'une nuisance »","In a market, a meat stall is exposed to flies and dust. What is the risk?","[""Flies carry germs from waste onto the meat, contaminating it before any cooking"", ""None, cooking will settle everything"", ""Simply a matter of appearance"", ""A risk for the seller only""]","Flies move between waste, stool and food. They deposit very large numbers of germs on exposed surfaces.","Use display cases, covers or nets, and clear waste away from the stalls.","Traduit","","INV-B-012","MINSANTE;MINDDEVEL","","","","En revue éditoriale","Standard","","2026-08-02 création v1 — rédaction initiale, français et anglais","","","","","","","","1.0"
"DUSSC-M07-013","DUSSC-M07-013-v1","1","2026-08-02","M07","Ustensiles","Situation","Grand public","A1;B4;C1","Question courante","Goûter un plat avec la cuillère de service puis la replonger dans la marmite :","[""N'a aucune conséquence"", ""Est acceptable si le plat est encore chaud"", ""Introduit des germes de la bouche dans l'ensemble du plat"", ""Améliore l'assaisonnement""]","C","La salive introduite dans un plat qui sera conservé permet à des germes de se multiplier, en particulier si le plat reste ensuite à température ambiante.","Utilisez une cuillère distincte pour goûter et ne la replongez pas dans le plat.","« Goûter avec la même cuillère est sans conséquence »","Tasting a dish with the serving spoon and putting it back into the pot:","[""Has no consequence"", ""Is acceptable if the dish is still hot"", ""Introduces germs from the mouth into the whole dish"", ""Improves the seasoning""]","Saliva introduced into a dish that will be kept allows germs to multiply, particularly if the dish then stands at room temperature.","Use a separate spoon for tasting and do not return it to the dish.","Traduit","","INV-B-012","MINSANTE","","","","En revue éditoriale","Standard","","2026-08-02 création v1 — rédaction initiale, français et anglais","","","","","","","","1.0"
"DUSSC-M07-014","DUSSC-M07-014-v1","1","2026-08-02","M07","Eau de lavage","Situation","Grand public","B4;B3","Question courante","Sur un lieu de vente, la même eau sert toute la journée à rincer les ustensiles. Quel est le problème ?","[""Aucun, l'eau reste de l'eau"", ""Cette eau se charge progressivement en germes et contamine les ustensiles au lieu de les nettoyer"", ""Elle devient seulement moins agréable à l'usage"", ""Le problème ne concerne que l'aspect visuel""]","B","Une eau de rinçage réutilisée devient rapidement un réservoir de germes. Les ustensiles ressortent alors plus contaminés qu'avant le rinçage.","Renouvelez fréquemment l'eau de lavage et utilisez du savon.","« Rincer, même avec une eau usagée, reste utile »","At a sales point, the same water is used all day to rinse utensils. What is the problem?","[""None, water is water"", ""This water gradually fills with germs and contaminates the utensils instead of cleaning them"", ""It simply becomes less pleasant to use"", ""The problem is only how it looks""]","Reused rinsing water quickly becomes a reservoir of germs. Utensils then come out more contaminated than before rinsing.","Change the washing water frequently and use soap.","Traduit","","INV-B-012","MINSANTE","","","","En revue éditoriale","Standard","","2026-08-02 création v1 — rédaction initiale, français et anglais","","","","","","","","1.0"
"DUSSC-M07-015","DUSSC-M07-015-v1","1","2026-08-02","M07","Chaîne du froid","Connaissance","Professionnel","B4;D1","Question courante","Pourquoi la rupture de la chaîne du froid est-elle dangereuse ?","[""Elle modifie seulement la texture des aliments"", ""Elle ne pose problème qu'au-delà de plusieurs jours"", ""Elle n'a d'effet que sur les produits laitiers"", ""Elle permet aux germes présents de se multiplier rapidement, sans que l'aspect ou l'odeur ne changent nécessairement""]","D","La multiplication des germes est rapide dès que la température remonte. Un produit peut devenir dangereux sans aucun signe visible ni odeur suspecte.","Contrôlez et enregistrez les températures de conservation aux points critiques.","« Un produit qui paraît normal est un produit sûr »","Why is a break in the cold chain dangerous?","[""It only changes the texture of the food"", ""It is a problem only after several days"", ""It only affects dairy products"", ""It allows the germs present to multiply quickly, with no necessary change in appearance or smell""]","Germs multiply rapidly as soon as the temperature rises. A product can become dangerous with no visible sign and no suspect smell.","Monitor and record storage temperatures at the critical points.","Traduit","","INV-B-012","MINSANTE;MINEPIA","","","","En revue éditoriale","Standard","","2026-08-02 création v1 — rédaction initiale, français et anglais","","","","","","","","1.0"
"DUSSC-M07-016","DUSSC-M07-016-v1","1","2026-08-02","M07","Lait et produits laitiers","Situation","Grand public","A1;A2;B1;B4;C1","Ancre post-test","Une amie vous propose du lait cru non bouilli, en assurant qu'il est plus nourrissant. Que lui répondez-vous ?","[""Qu'elle a raison, le lait cru est meilleur"", ""Que le lait doit être bouilli ou pasteurisé, car le lait cru peut transmettre des maladies sans changer de goût"", ""Qu'il suffit de le conserver au frais"", ""Qu'il faut seulement le filtrer""]","B","Ni le goût, ni l'odeur, ni la fraîcheur ne permettent de savoir si un lait cru est contaminé. Seuls l'ébullition ou la pasteurisation protègent.","Faites bouillir systématiquement tout lait non pasteurisé avant consommation.","« Le lait cru est plus nourrissant et sans risque »","A friend offers you unboiled raw milk, assuring you it is more nourishing. What do you reply?","[""That she is right, raw milk is better"", ""That milk must be boiled or pasteurised, because raw milk can carry diseases without any change in taste"", ""That it is enough to keep it cool"", ""That it only needs to be filtered""]","Neither taste, nor smell, nor freshness tells you whether raw milk is contaminated. Only boiling or pasteurisation protects.","Always boil unpasteurised milk before it is drunk.","Traduit","","INV-B-012","MINEPIA;MINSANTE","","","","En revue éditoriale","Standard","","2026-08-02 création v1 — rédaction initiale, français et anglais","","","","","","","","1.0"
"DUSSC-M08-001","DUSSC-M08-001-v1","1","2026-08-02","M08","Antibiotiques et infections virales","Situation","Grand public","A1;A2;A3;C1;C2;D1","Ancre pré-test","Vous avez un rhume avec le nez qui coule depuis deux jours. Quelle est la bonne conduite ?","[""Acheter un antibiotique au marché pour guérir plus vite"", ""Prendre le reste d'antibiotique d'un traitement précédent"", ""Se reposer, bien s'hydrater, et consulter si les signes s'aggravent ou durent"", ""Demander un antibiotique à un voisin""]","C","Le rhume est presque toujours dû à un virus. Les antibiotiques n'agissent pas sur les virus. Les utiliser inutilement rend les bactéries résistantes.","Consultez un professionnel de santé si la fièvre persiste plus de trois jours ou si l'état s'aggrave.","« L'antibiotique guérit le rhume et la grippe »","You have had a runny nose and a cold for two days. What is the right course of action?","[""Buy an antibiotic at the market to recover faster"", ""Take what is left of an antibiotic from an earlier treatment"", ""Rest, drink well, and seek care if the signs worsen or persist"", ""Ask a neighbour for an antibiotic""]","A cold is almost always caused by a virus. Antibiotics do not act on viruses. Using them needlessly makes bacteria resistant.","See a health professional if fever lasts more than three days or the condition worsens.","Traduit","","INV-B-014","MINSANTE","","","","En revue éditoriale","Standard","","2026-08-02 création v1 — rédaction initiale, français et anglais","","","","","","","","1.0"
"DUSSC-M08-002","DUSSC-M08-002-v1","1","2026-08-02","M08","Mécanisme de la résistance","Connaissance","Grand public","A3;C1;C2;D1","Question courante","Quand on parle de résistance aux antibiotiques, qu'est-ce qui devient résistant ?","[""Les bactéries"", ""Mon corps"", ""Le médicament lui-même"", ""La maladie en général""]","A","Ce sont les bactéries qui deviennent résistantes, et elles peuvent ensuite se transmettre d'une personne à une autre, ou d'un animal à une personne.","N'utilisez un antibiotique que sur prescription, et allez jusqu'au bout du traitement prescrit.","« C'est mon corps qui s'habitue aux antibiotiques »","When we speak of antibiotic resistance, what becomes resistant?","[""The bacteria"", ""My body"", ""The medicine itself"", ""The disease in general""]","It is the bacteria that become resistant, and they can then pass from one person to another, or from an animal to a person.","Use antibiotics only on prescription, and complete the treatment as prescribed.","Traduit","","INV-B-014","MINSANTE","","","","En revue éditoriale","Standard","","2026-08-02 création v1 — rédaction initiale, français et anglais","","","","","","","","1.0"
"DUSSC-M08-003","DUSSC-M08-003-v1","1","2026-08-02","M08","Observance","Situation","Grand public","A1;A2;C1;D1","Question courante","Un professionnel de santé vous a prescrit un antibiotique. Vous vous sentez mieux au bout de deux jours. Que faites-vous ?","[""J'arrête le traitement puisque je vais mieux"", ""Je double la dose pour finir plus vite"", ""Je garde le reste pour une prochaine fois"", ""Je poursuis le traitement jusqu'au terme indiqué par le prescripteur""]","D","Se sentir mieux ne signifie pas que toutes les bactéries ont disparu. Un traitement interrompu laisse survivre les bactéries les plus résistantes.","Respectez la durée indiquée et parlez au prescripteur en cas d'effet indésirable.","« On arrête dès qu'on se sent mieux »","A health professional has prescribed you an antibiotic. You feel better after two days. What do you do?","[""I stop the treatment since I feel better"", ""I double the dose to finish faster"", ""I keep the rest for another time"", ""I continue the treatment until the end of the prescribed period""]","Feeling better does not mean all the bacteria are gone. An interrupted treatment leaves the most resistant bacteria alive.","Follow the prescribed duration and speak to the prescriber if you have side effects.","Traduit","","INV-B-014","MINSANTE","","","","En revue éditoriale","Standard","","2026-08-02 création v1 — rédaction initiale, français et anglais","","","","","","","","1.0"
"DUSSC-M08-004","DUSSC-M08-004-v1","1","2026-08-02","M08","Circuits d'approvisionnement","Attitude","Grand public","A1;A2;A3;C1","Question courante","Acheter des antibiotiques auprès d'un vendeur de rue ou d'un marché :","[""Est pratique et sans risque particulier"", ""Expose à des produits mal conservés, mal dosés ou contrefaits, et favorise un usage inadapté"", ""Est acceptable si le prix est bas"", ""Est équivalent à un achat en pharmacie""]","B","Hors du circuit pharmaceutique, rien ne garantit la qualité, la conservation ni le dosage du produit. S'y ajoute l'absence de conseil et de diagnostic.","Procurez-vous les médicaments uniquement en pharmacie ou en formation sanitaire, sur prescription.","« Un antibiteur acheté au marché est le même qu'en pharmacie »","Buying antibiotics from a street or market seller:","[""Is convenient and carries no particular risk"", ""Exposes you to products that are badly stored, wrongly dosed or counterfeit, and encourages unsuitable use"", ""Is acceptable if the price is low"", ""Is the same as buying from a pharmacy""]","Outside the pharmaceutical chain, nothing guarantees the quality, storage or dosage of the product. There is also no advice and no diagnosis.","Obtain medicines only from a pharmacy or a health facility, on prescription.","Traduit","","INV-B-014","MINSANTE","","","","En revue éditoriale","Standard","","2026-08-02 création v1 — rédaction initiale, français et anglais","","","","","","","","1.0"
"DUSSC-M08-005","DUSSC-M08-005-v1","1","2026-08-02","M08","Partage de médicaments","Attitude","Grand public","A1;A2;C1","Question courante","Un proche présente les mêmes symptômes que vous. Pouvez-vous lui donner votre antibiotique ?","[""Oui, si les symptômes se ressemblent"", ""Oui, si c'est un membre de la famille"", ""Oui, en réduisant la dose"", ""Non, chaque traitement est adapté à une personne et à une infection précises""]","D","Des symptômes semblables peuvent correspondre à des causes différentes. Un antibiotique inadapté est inefficace et favorise la résistance.","Orientez la personne vers une consultation plutôt que de partager un traitement.","« Mêmes symptômes, même traitement »","Someone close to you has the same symptoms as you. Can you give them your antibiotic?","[""Yes, if the symptoms are similar"", ""Yes, if it is a family member"", ""Yes, at a reduced dose"", ""No, each treatment is matched to one person and one specific infection""]","Similar symptoms can have different causes. An unsuitable antibiotic does not work and encourages resistance.","Direct the person to a consultation rather than sharing a treatment.","Traduit","","INV-B-014","MINSANTE","","","","En revue éditoriale","Standard","","2026-08-02 création v1 — rédaction initiale, français et anglais","","","","","","","","1.0"
"DUSSC-M08-006","DUSSC-M08-006-v1","1","2026-08-02","M08","Gestion des restes","Situation","Grand public","A1;A2;C1","Question courante","Que faire des comprimés restants à la fin d'un traitement ?","[""Les garder pour la prochaine fois"", ""Les rapporter à la pharmacie ou à la formation sanitaire pour élimination"", ""Les jeter dans la rivière"", ""Les donner à un voisin""]","B","Conserver des restes encourage l'automédication future. Les jeter dans l'environnement contribue à la diffusion des résistances dans l'eau et le sol.","Rapportez les médicaments non utilisés à un point de collecte agréé.","« Il faut garder les restes pour plus tard »","What should be done with tablets left over at the end of a treatment?","[""Keep them for next time"", ""Return them to the pharmacy or health facility for safe disposal"", ""Throw them into the river"", ""Give them to a neighbour""]","Keeping leftovers encourages self-medication later. Throwing them into the environment spreads resistance through water and soil.","Return unused medicines to an approved collection point.","Traduit","","INV-B-014","MINSANTE;MINEPDED","","","","En revue éditoriale","Standard","","2026-08-02 création v1 — rédaction initiale, français et anglais","","","","","","","","1.0"
"DUSSC-M08-007","DUSSC-M08-007-v1","1","2026-08-02","M08","Délais d'attente","Connaissance","Intermédiaire","B1;B2;B4;D2","Question courante","Vous avez traité vos poules avec un médicament vétérinaire. Quand pouvez-vous consommer ou vendre les œufs ?","[""Immédiatement"", ""Après une semaine, quel que soit le produit"", ""Après le délai d'attente indiqué pour le produit utilisé"", ""Il n'existe pas de règle""]","C","Le délai d'attente correspond au temps nécessaire pour que les résidus du médicament disparaissent des produits. Le respecter protège les consommateurs.","Notez la date de traitement et demandez le délai d'attente au service vétérinaire.","« Les produits d'un animal traité sont consommables immédiatement »","You have treated your hens with a veterinary medicine. When can you eat or sell the eggs?","[""Immediately"", ""After a week, whatever the product"", ""After the withdrawal period stated for the product used"", ""There is no rule""]","The withdrawal period is the time needed for residues of the medicine to leave the products. Respecting it protects consumers.","Note the date of treatment and ask the veterinary service for the withdrawal period.","Traduit","","INV-B-014","MINEPIA","","","","En revue éditoriale","Standard","","2026-08-02 création v1 — rédaction initiale, français et anglais","","","","","","","","1.0"
"DUSSC-M08-008","DUSSC-M08-008-v1","1","2026-08-02","M08","Usage en élevage","Attitude","Intermédiaire","B1;B2;D2","Question courante","Utiliser des antibiotiques de façon systématique pour faire grandir plus vite les animaux :","[""Favorise l'apparition de bactéries résistantes qui peuvent atteindre les personnes"", ""Est une bonne pratique d'élevage"", ""Est sans effet sur la santé humaine"", ""Est recommandé en saison sèche""]","A","L'usage systématique en élevage sélectionne des bactéries résistantes qui circulent ensuite par les aliments, l'eau et le contact direct.","N'utilisez les antimicrobiens qu'en cas de nécessité, sur avis du service vétérinaire.","« Les antibiotiques font grandir les animaux sans risque »","Using antibiotics routinely to make animals grow faster:","[""Encourages resistant bacteria that can reach people"", ""Is good livestock practice"", ""Has no effect on human health"", ""Is advisable in the dry season""]","Routine use in livestock selects resistant bacteria, which then circulate through food, water and direct contact.","Use antimicrobials only when necessary, on the advice of the veterinary service.","Traduit","","INV-B-014","MINEPIA;MINSANTE","","","","En revue éditoriale","Standard","","2026-08-02 création v1 — rédaction initiale, français et anglais","","","","","","","","1.0"
"DUSSC-M08-009","DUSSC-M08-009-v1","1","2026-08-02","M08","Automédication chez l'enfant","Situation","Grand public","A1;C1;D1","Question courante","Votre enfant a de la fièvre depuis la veille. Quelle est la conduite la plus sûre ?","[""Le faire examiner en formation sanitaire pour déterminer la cause de la fièvre"", ""Lui donner un antibiotique acheté sans ordonnance"", ""Lui donner la moitié d'un comprimé d'adulte"", ""Attendre une semaine""]","A","La fièvre a de nombreuses causes, dont beaucoup ne relèvent pas d'un antibiotique. Chez l'enfant, un diagnostic rapide est particulièrement important.","Consultez sans délai, surtout en cas de fièvre chez un enfant de moins de cinq ans.","« Toute fièvre se traite par antibiotique »","Your child has had a fever since yesterday. What is the safest course of action?","[""Have the child examined at a health facility to find the cause of the fever"", ""Give an antibiotic bought without prescription"", ""Give half an adult tablet"", ""Wait a week""]","Fever has many causes, and most do not call for an antibiotic. In a child, a rapid diagnosis matters especially.","Seek care without delay, above all for fever in a child under five.","Traduit","","INV-B-014","MINSANTE","","","","En revue éditoriale","Standard","","2026-08-02 création v1 — rédaction initiale, français et anglais","","","","","","","","1.0"
"DUSSC-M08-010","DUSSC-M08-010-v1","1","2026-08-02","M08","Indications","Connaissance","Grand public","A1;A3;C1;C2","Question courante","Dans laquelle de ces situations un antibiotique est-il généralement utile ?","[""Un rhume"", ""Une grippe saisonnière"", ""Une infection bactérienne confirmée ou fortement suspectée par un professionnel de santé"", ""Toute fièvre, quelle qu'en soit la cause""]","C","L'antibiotique agit uniquement sur les bactéries. Seul un professionnel peut apprécier si l'infection est d'origine bactérienne.","Demandez à votre soignant si un antibiotique est réellement nécessaire dans votre cas.","« L'antibiotique est un traitement général contre les infections »","In which of these situations is an antibiotic generally useful?","[""A cold"", ""Seasonal flu"", ""A bacterial infection confirmed or strongly suspected by a health professional"", ""Any fever, whatever the cause""]","An antibiotic acts only on bacteria. Only a professional can judge whether an infection is bacterial.","Ask your health worker whether an antibiotic is really necessary in your case.","Traduit","","INV-B-014","MINSANTE","","","","En revue éditoriale","Standard","","2026-08-02 création v1 — rédaction initiale, français et anglais","","","","","","","","1.0"
"DUSSC-M08-011","DUSSC-M08-011-v1","1","2026-08-02","M08","Prescription vétérinaire","Attitude","Intermédiaire","B1;B2","Question courante","Avant de traiter un animal malade avec un antimicrobien, la bonne conduite est :","[""De reprendre le produit utilisé la dernière fois"", ""De solliciter l'avis du service vétérinaire pour un diagnostic et une prescription adaptée"", ""De demander conseil à un autre éleveur"", ""D'augmenter la dose si l'animal ne guérit pas""]","B","Un traitement répété au hasard entretient les résistances et retarde la guérison. L'avis vétérinaire permet d'identifier la cause réelle.","Contactez le centre zootechnique et vétérinaire avant tout traitement.","« On peut reprendre le même produit que la dernière fois »","Before treating a sick animal with an antimicrobial, the right course of action is:","[""To use the same product as last time"", ""To seek the veterinary service's opinion for a diagnosis and a suitable prescription"", ""To ask another livestock keeper for advice"", ""To increase the dose if the animal does not recover""]","Repeated treatment at random sustains resistance and delays recovery. Veterinary advice identifies the real cause.","Contact the zootechnical and veterinary centre before any treatment.","Traduit","","INV-B-014","MINEPIA","","","","En revue éditoriale","Standard","","2026-08-02 création v1 — rédaction initiale, français et anglais","","","","","","","","1.0"
"DUSSC-M08-012","DUSSC-M08-012-v1","1","2026-08-02","M08","Prescription raisonnée","Connaissance","Professionnel","D1;D2","Question courante","Quelle pratique contribue le plus à limiter la résistance aux antimicrobiens en pratique quotidienne ?","[""Prescrire un antibiotique à large spectre dès le premier contact"", ""Prescrire pour rassurer le patient"", ""Renouveler systématiquement les prescriptions antérieures"", ""Prescrire seulement lorsque l'indication est établie, en privilégiant le spectre le plus étroit possible et la durée adéquate""]","D","La pression de sélection est proportionnelle à l'exposition inutile. Une prescription ciblée, avec un spectre étroit et une durée adaptée, réduit cette pression.","Appuyez-vous sur les recommandations nationales et documentez l'indication dans le dossier.","« Mieux vaut prescrire largement par précaution »","Which practice most helps to limit antimicrobial resistance in daily practice?","[""Prescribing a broad-spectrum antibiotic at the first contact"", ""Prescribing to reassure the patient"", ""Routinely renewing earlier prescriptions"", ""Prescribing only where the indication is established, using the narrowest possible spectrum and an appropriate duration""]","Selection pressure is proportional to needless exposure. Targeted prescribing, with a narrow spectrum and a suitable duration, reduces that pressure.","Rely on national guidance and record the indication in the file.","Traduit","","INV-B-014","MINSANTE","","","","En revue éditoriale","Standard","","2026-08-02 création v1 — rédaction initiale, français et anglais","","","","","","","","1.0"
"DUSSC-M08-013","DUSSC-M08-013-v1","1","2026-08-02","M08","Antibiotiques et infections virales","Situation","Grand public","A1;A2;A3;C1;C2;D1","Ancre post-test","Un ami vous dit qu'il prend un antibiotique dès qu'il attrape la grippe. Que lui répondez-vous ?","[""Qu'il a raison, cela évite les complications"", ""Que la grippe est due à un virus et que l'antibiotique n'agit pas dessus, tout en favorisant la résistance"", ""Qu'il doit doubler la dose pour être efficace"", ""Qu'il faut prendre l'antibiotique un jour sur deux""]","B","L'antibiotique est sans effet sur les virus. Son usage inutile favorise l'apparition de bactéries résistantes chez lui et dans son entourage.","Conseillez-lui de consulter plutôt que de s'automédiquer.","« L'antibiotique prévient les complications de la grippe »","A friend tells you he takes an antibiotic whenever he catches flu. What do you reply?","[""That he is right, it prevents complications"", ""That flu is caused by a virus and the antibiotic does not act on it, while encouraging resistance"", ""That he should double the dose to make it work"", ""That he should take the antibiotic every other day""]","The antibiotic has no effect on viruses. Using it needlessly encourages resistant bacteria in him and in those around him.","Advise him to seek care rather than treat himself.","Traduit","","INV-B-014","MINSANTE","","","","En revue éditoriale","Standard","","2026-08-02 création v1 — rédaction initiale, français et anglais","","","","","","","","1.0"
"DUSSC-M09-001","DUSSC-M09-001-v1","1","2026-08-02","M09","Vérification avant partage","Situation","Grand public","A1;A3;C1;C2;D3","Ancre pré-test","Vous recevez sur une messagerie un message annonçant une nouvelle maladie mortelle dans votre région. Que faites-vous ?","[""Je le transfère immédiatement à tous mes contacts pour les prévenir"", ""Je vérifie auprès d'une source officielle avant de le partager"", ""Je l'ignore complètement sans rien vérifier"", ""Je le partage en précisant que ce n'est peut-être pas vrai""]","B","Partager une information non vérifiée, même avec une réserve, contribue à sa diffusion. Une rumeur circule toujours plus vite que sa correction.","Vérifiez auprès du district de santé ou des canaux officiels avant tout partage.","« Partager au cas où, c'est prévenir »","You receive a message on a messaging app announcing a new deadly disease in your region. What do you do?","[""I forward it at once to all my contacts to warn them"", ""I check with an official source before sharing it"", ""I ignore it completely without checking"", ""I share it, saying it may not be true""]","Sharing unverified information, even with a reservation, helps it spread. A rumour always travels faster than its correction.","Check with the health district or official channels before sharing anything.","Traduit","","INV-C-005","MINSANTE;MINCOM","","","","En revue éditoriale","Standard","","2026-08-02 création v1 — rédaction initiale, français et anglais","","","","","","","","1.0"
"DUSSC-M09-002","DUSSC-M09-002-v1","1","2026-08-02","M09","Reconnaître une source officielle","Connaissance","Grand public","A3;C1;C2;D3","Question courante","Parmi ces sources, laquelle est une source officielle d'information sanitaire ?","[""Un message vocal transféré plusieurs fois"", ""Une affirmation entendue au marché"", ""Une capture d'écran sans origine identifiable"", ""Une publication du ministère de la Santé Publique ou de la Plateforme Une Seule Santé""]","D","Une source officielle est identifiable, datée et vérifiable. Un message transféré sans origine ne peut être vérifié par personne.","Enregistrez les pages et numéros officiels de votre district de santé.","« Un message très partagé est forcément vrai »","Which of these is an official source of health information?","[""A voice message forwarded many times"", ""A claim heard at the market"", ""A screenshot with no identifiable origin"", ""A publication from the Ministry of Public Health or the One Health Platform""]","An official source can be identified, dated and checked. A forwarded message with no origin cannot be checked by anyone.","Save the official pages and numbers of your health district.","Traduit","","INV-C-005","MINSANTE;MINCOM","","","","En revue éditoriale","Standard","","2026-08-02 création v1 — rédaction initiale, français et anglais","","","","","","","","1.0"
"DUSSC-M09-003","DUSSC-M09-003-v1","1","2026-08-02","M09","Messages vocaux","Situation","Grand public","A1;A3;C1","Question courante","Un message vocal anonyme affirme qu'un aliment courant provoque une maladie grave. Quelle est la bonne réaction ?","[""Cesser immédiatement de consommer cet aliment et prévenir tout le quartier"", ""Chercher confirmation auprès d'une source officielle avant d'agir ou de relayer"", ""Enregistrer un message pour confirmer l'information"", ""Accuser publiquement les vendeurs""]","B","Les rumeurs alimentaires provoquent des pertes économiques importantes et détournent l'attention des vrais risques. La vérification prend quelques minutes.","Interrogez le district de santé ou les services compétents avant de relayer.","« Un message vocal détaillé est crédible »","An anonymous voice message claims that a common food causes a serious disease. What is the right reaction?","[""Stop eating that food at once and warn the whole neighbourhood"", ""Seek confirmation from an official source before acting or passing it on"", ""Record a message confirming the information"", ""Publicly accuse the sellers""]","Food rumours cause heavy economic losses and draw attention away from real risks. Checking takes only a few minutes.","Ask the health district or the competent services before passing it on.","Traduit","","INV-C-005","MINSANTE;MINCOM","","","","En revue éditoriale","Standard","","2026-08-02 création v1 — rédaction initiale, français et anglais","","","","","","","","1.0"
"DUSSC-M09-004","DUSSC-M09-004-v1","1","2026-08-02","M09","Images sorties de leur contexte","Connaissance","Intermédiaire","A3;C1;C2;D3","Question courante","Une photographie choquante circule, présentée comme prise dans votre région cette semaine. Quel réflexe est le bon ?","[""La partager immédiatement, l'image parle d'elle-même"", ""Ajouter un commentaire personnel et la diffuser"", ""Se demander d'où vient l'image, quand elle a été prise, et chercher une confirmation officielle"", ""Considérer qu'une image ne peut pas mentir""]","C","Les images anciennes ou venues d'ailleurs sont fréquemment réutilisées lors des crises sanitaires. Une image authentique peut illustrer un fait totalement différent.","Vérifiez la date et le lieu auprès d'une source officielle avant tout partage.","« Une photo prouve les faits »","A shocking photograph is circulating, presented as taken in your region this week. What is the right reflex?","[""Share it immediately, the image speaks for itself"", ""Add a personal comment and pass it on"", ""Ask where the image comes from, when it was taken, and seek official confirmation"", ""Assume that an image cannot lie""]","Old images or images from elsewhere are frequently reused during health crises. A genuine photograph can illustrate a completely different event.","Check the date and place with an official source before sharing.","Traduit","","INV-C-005","MINCOM;MINSANTE","","","","En revue éditoriale","Standard","","2026-08-02 création v1 — rédaction initiale, français et anglais","","","","","","","","1.0"
"DUSSC-M09-005","DUSSC-M09-005-v1","1","2026-08-02","M09","Distinguer sensibilisation et notification","Connaissance","Grand public","A1;A3;C1;C2","Question courante","Répondre à un quiz de sensibilisation constitue-t-il un signalement officiel d'un problème de santé ?","[""Non, un quiz est un outil de sensibilisation ; tout événement doit être signalé au service compétent"", ""Oui, les autorités reçoivent directement l'alerte"", ""Oui, si l'on précise son adresse"", ""Cela dépend du nombre de participants""]","A","Un outil de sensibilisation n'est pas un canal d'alerte. Confondre les deux peut faire perdre un temps décisif lors d'un événement réel.","Signalez tout événement sanitaire au centre de santé ou au service vétérinaire compétent.","« Répondre à un quiz suffit à alerter les autorités »","Does answering an awareness quiz count as officially reporting a health problem?","[""No, a quiz is an awareness tool; any event must be reported to the competent service"", ""Yes, the authorities receive the alert directly"", ""Yes, if you give your address"", ""It depends on the number of participants""]","An awareness tool is not an alert channel. Confusing the two can waste decisive time during a real event.","Report any health event to the health centre or the competent veterinary service.","Traduit","","INV-C-005","MINSANTE","","","","En revue éditoriale","Standard","","2026-08-02 création v1 — rédaction initiale, français et anglais","","","","","","","","1.0"
"DUSSC-M09-006","DUSSC-M09-006-v1","1","2026-08-02","M09","Où demander confirmation","Orientation","Grand public","A1;A2;A3;C1","Question courante","À qui vous adresser pour vérifier une information sanitaire qui circule dans votre localité ?","[""Au district de santé, au service vétérinaire ou aux canaux officiels de la Plateforme Une Seule Santé"", ""Au voisin le mieux informé"", ""À la personne qui a envoyé le message"", ""À personne, il faut se faire son opinion""]","A","Les services déconcentrés disposent de l'information vérifiée pour leur zone. Ils sont aussi les mieux placés pour détecter une rumeur qui s'installe.","Notez les coordonnées de votre district de santé et de votre service vétérinaire.","« Il n'y a personne à qui demander confirmation »","Who should you approach to check health information circulating in your locality?","[""The health district, the veterinary service or the official channels of the One Health Platform"", ""The best-informed neighbour"", ""The person who sent the message"", ""Nobody, you should form your own view""]","Decentralised services hold verified information for their area. They are also best placed to detect a rumour taking hold.","Note down the contact details of your health district and veterinary service.","Traduit","","INV-C-005","MINSANTE","","","","En revue éditoriale","Standard","","2026-08-02 création v1 — rédaction initiale, français et anglais","","","","","","","","1.0"
"DUSSC-M09-007","DUSSC-M09-007-v1","1","2026-08-02","M09","Rumeurs sur les vaccins","Situation","Grand public","A1;A3;C1;C2;D3","Question courante","Une rumeur affirme qu'un vaccin utilisé dans une campagne en cours est dangereux. Quelle conduite est la plus responsable ?","[""Décourager tout le monde de se faire vacciner"", ""Se faire vacciner en secret"", ""Poser directement la question aux agents de santé de la campagne et s'informer auprès des sources officielles"", ""Diffuser la rumeur pour obtenir des réactions""]","C","Poser la question permet d'obtenir une réponse fondée et de faire remonter la préoccupation. Les rumeurs vaccinales font baisser la couverture et prolongent les épidémies.","Adressez vos questions aux agents de la campagne ou au district de santé.","« Mieux vaut s'abstenir en cas de doute plutôt que de demander »","A rumour claims that a vaccine used in an ongoing campaign is dangerous. What is the most responsible course of action?","[""Discourage everyone from being vaccinated"", ""Get vaccinated in secret"", ""Put the question directly to the health workers running the campaign and check official sources"", ""Spread the rumour to see how people react""]","Asking the question brings a grounded answer and lets the concern be passed up. Vaccine rumours lower coverage and prolong outbreaks.","Put your questions to the campaign staff or to the health district.","Traduit","","INV-C-005","MINSANTE;MINCOM","","","","En revue éditoriale","Sensible","","2026-08-02 création v1 — rédaction initiale, français et anglais","","","","","","","","1.0"
"DUSSC-M09-008","DUSSC-M09-008-v1","1","2026-08-02","M09","Effet du partage","Attitude","Grand public","A3;C1;C2","Question courante","Partager une information sanitaire non vérifiée « au cas où » :","[""Est un service rendu à la communauté"", ""Peut provoquer des comportements dangereux, de la panique ou une perte de confiance envers les services de santé"", ""N'a aucun effet réel"", ""Est utile si l'on ajoute un point d'interrogation""]","B","Les fausses informations sanitaires ont conduit à des refus de soins, à des automédications dangereuses et à des violences envers des soignants.","Vérifiez avant de partager, et corrigez publiquement une information que vous avez relayée par erreur.","« Partager sans certitude ne coûte rien »","Sharing unverified health information just in case:","[""Is a service to the community"", ""Can cause dangerous behaviour, panic, or loss of trust in the health services"", ""Has no real effect"", ""Is useful if you add a question mark""]","False health information has led to refusal of care, dangerous self-medication and violence against health workers.","Check before sharing, and publicly correct anything you passed on by mistake.","Traduit","","INV-C-005","MINSANTE;MINCOM","","","","En revue éditoriale","Standard","","2026-08-02 création v1 — rédaction initiale, français et anglais","","","","","","","","1.0"
"DUSSC-M09-009","DUSSC-M09-009-v1","1","2026-08-02","M09","Gestion d'une rumeur locale","Situation","Professionnel","D1;D2;D3","Question courante","Une rumeur sanitaire s'installe dans votre communauté. Quelle est la conduite la plus efficace ?","[""L'ignorer, elle disparaîtra d'elle-même"", ""Attendre une consigne nationale avant toute action"", ""Sanctionner ceux qui la relaient"", ""La documenter, la remonter au système de gestion des rumeurs et diffuser rapidement une information correcte par les relais locaux""]","D","Une rumeur ignorée s'enracine. Documenter, remonter l'information et répondre vite par des relais crédibles localement est la seule réponse efficace.","Transmettez la rumeur au système de gestion des rumeurs Une Seule Santé et informez votre hiérarchie.","« Une rumeur finit toujours par s'éteindre seule »","A health rumour is taking hold in your community. What is the most effective course of action?","[""Ignore it, it will fade on its own"", ""Wait for national instructions before acting"", ""Punish those who pass it on"", ""Document it, pass it to the rumour management system and quickly share correct information through local channels""]","An ignored rumour takes root. Documenting it, passing it up and answering quickly through locally credible channels is the only effective response.","Pass the rumour to the One Health rumour management system and inform your hierarchy.","Traduit","","INV-C-005","MINSANTE;MINCOM","","","","En revue éditoriale","Standard","","2026-08-02 création v1 — rédaction initiale, français et anglais","","","","","","","","1.0"
"DUSSC-M09-010","DUSSC-M09-010-v1","1","2026-08-02","M09","Vérification avant partage","Situation","Grand public","A1;A3;C1;C2;D3","Ancre post-test","Un proche vous transfère une information alarmante sur une maladie, sans indiquer sa source. Que faites-vous ?","[""Je la partage à mon tour pour alerter"", ""Je lui demande d'où vient l'information et je vérifie auprès d'une source officielle avant toute diffusion"", ""Je la partage uniquement à ma famille"", ""Je la crois car elle vient d'un proche""]","B","La confiance envers la personne qui transmet n'est pas une garantie sur le contenu. Remonter à la source est le seul moyen de vérifier.","Vérifiez auprès du district de santé et informez votre proche du résultat de la vérification.","« Une information venant d'un proche est fiable »","Someone close to you forwards alarming information about a disease, without saying where it comes from. What do you do?","[""I share it in turn to raise the alarm"", ""I ask where the information comes from and check with an official source before passing it on"", ""I share it only with my family"", ""I believe it because it comes from someone close""]","Trusting the person who sends a message says nothing about the content. Going back to the source is the only way to check.","Check with the health district and tell your contact what you found.","Traduit","","INV-C-005","MINSANTE;MINCOM","","","","En revue éditoriale","Standard","","2026-08-02 création v1 — rédaction initiale, français et anglais","","","","","","","","1.0"
"DUSSC-M10-001","DUSSC-M10-001-v1","1","2026-08-02","M10","Déchets et prolifération","Situation","Grand public","A1;A2;A3;C1","Question courante","Une décharge sauvage s'installe près des habitations. Quelles conséquences sanitaires sont attendues ?","[""Aucune conséquence sanitaire"", ""Un simple problème d'odeur"", ""Une prolifération de rongeurs, de mouches et de moustiques, et une contamination possible de l'eau"", ""Un effet uniquement sur les cultures""]","C","Les déchets accumulés offrent nourriture et abri aux animaux vecteurs, et les eaux de ruissellement transportent la contamination vers les points d'eau.","Signalez la décharge à la commune et organisez une évacuation avec le quartier.","« Une décharge n'est qu'un problème d'odeur »","An unauthorised dump is forming near the homes. What health consequences can be expected?","[""No health consequence"", ""Simply a smell problem"", ""Rodents, flies and mosquitoes multiply, and water may be contaminated"", ""An effect on crops only""]","Piled-up waste offers food and shelter to disease-carrying animals, and run-off carries contamination to water points.","Report the dump to the council and organise clearance with the neighbourhood.","Traduit","","INV-G-004","MINEPDED;MINSANTE","","","","En revue éditoriale","Standard","","2026-08-02 création v1 — rédaction initiale, français et anglais","","","","","","","","1.0"
"DUSSC-M10-002","DUSSC-M10-002-v1","1","2026-08-02","M10","Eaux stagnantes","Connaissance","Grand public","A1;A2;C1","Question courante","Pourquoi faut-il éliminer les eaux stagnantes autour des habitations ?","[""Parce qu'elles permettent aux moustiques de se reproduire et favorisent la transmission de maladies"", ""Pour améliorer l'aspect de la cour"", ""Parce qu'elles abîment les fondations uniquement"", ""Il n'est pas nécessaire de les éliminer""]","A","Quelques centimètres d'eau stagnante suffisent au développement des larves de moustiques. Les récipients abandonnés sont les gîtes les plus fréquents.","Videz et retournez chaque semaine les récipients pouvant retenir l'eau.","« Seules les grandes étendues d'eau posent problème »","Why should standing water around homes be removed?","[""Because it lets mosquitoes breed and favours disease transmission"", ""To improve the look of the yard"", ""Because it only damages foundations"", ""There is no need to remove it""]","A few centimetres of standing water are enough for mosquito larvae to develop. Abandoned containers are the most common breeding sites.","Empty and turn over any container that can hold water, every week.","Traduit","","INV-G-004","MINSANTE;MINEPDED","","","","En revue éditoriale","Standard","","2026-08-02 création v1 — rédaction initiale, français et anglais","","","","","","","","1.0"
"DUSSC-M10-003","DUSSC-M10-003-v1","1","2026-08-02","M10","Contacts avec la faune","Connaissance","Intermédiaire","A3;B5;C2;D2","Question courante","En quoi la destruction des forêts peut-elle augmenter le risque de nouvelles maladies ?","[""Elle rapproche les personnes et les animaux d'élevage de la faune sauvage, multipliant les occasions de transmission"", ""Elle n'a aucun lien avec la santé"", ""Elle réduit automatiquement le nombre d'animaux malades"", ""Elle ne concerne que le climat""]","A","Lorsque les milieux naturels reculent, les contacts entre faune sauvage, animaux domestiques et personnes deviennent plus fréquents et plus étroits.","Soutenez les initiatives locales de protection des espaces naturels et évitez les contacts avec la faune sauvage.","« La déforestation n'a pas de conséquence sanitaire »","How can forest destruction increase the risk of new diseases?","[""It brings people and livestock closer to wildlife, multiplying the chances of transmission"", ""It has no link with health"", ""It automatically reduces the number of sick animals"", ""It concerns only the climate""]","As natural habitats shrink, contact between wildlife, domestic animals and people becomes more frequent and closer.","Support local efforts to protect natural areas and avoid contact with wildlife.","Traduit","","INV-G-004","MINFOF;MINEPDED","","","","En revue éditoriale","Standard","","2026-08-02 création v1 — rédaction initiale, français et anglais","","","","","","","","1.0"
"DUSSC-M10-004","DUSSC-M10-004-v1","1","2026-08-02","M10","Protection des cours d'eau","Attitude","Grand public","A2;B3;C1","Question courante","Rejeter les eaux usées ou les déchets d'abattage dans un cours d'eau :","[""Est acceptable si le courant est fort"", ""N'a d'effet que sur les poissons"", ""Contamine l'eau utilisée en aval pour la boisson, la cuisine et la baignade"", ""Est sans conséquence en saison des pluies""]","C","Le courant disperse la contamination mais ne la supprime pas. Les populations situées en aval utilisent la même eau.","Aménagez une fosse de rejet à distance des points d'eau et sollicitez l'appui des services communaux.","« Le courant emporte et supprime la pollution »","Discharging waste water or slaughter waste into a watercourse:","[""Is acceptable if the current is strong"", ""Only affects fish"", ""Contaminates the water used downstream for drinking, cooking and bathing"", ""Has no consequence in the rainy season""]","The current disperses contamination but does not remove it. People living downstream use the same water.","Build a discharge pit away from water points and seek support from the council services.","Traduit","","INV-G-004","MINEPDED;MINSANTE","","","","En revue éditoriale","Standard","","2026-08-02 création v1 — rédaction initiale, français et anglais","","","","","","","","1.0"
"DUSSC-M10-005","DUSSC-M10-005-v1","1","2026-08-02","M10","Brûlage des déchets","Connaissance","Grand public","A1;A2;C1","Question courante","Brûler des déchets plastiques à proximité des habitations :","[""Est la meilleure solution d'élimination"", ""Libère des fumées toxiques dangereuses pour les voies respiratoires, en particulier des enfants"", ""Est sans danger si le feu est de petite taille"", ""Purifie l'air environnant""]","B","La combustion des plastiques dégage des substances toxiques. L'exposition répétée affecte surtout les enfants et les personnes fragiles.","Privilégiez le tri et l'évacuation vers les circuits de collecte disponibles.","« Brûler est une bonne façon d'éliminer les déchets »","Burning plastic waste near homes:","[""Is the best way to dispose of it"", ""Releases toxic fumes that are dangerous for the airways, especially in children"", ""Is harmless if the fire is small"", ""Purifies the surrounding air""]","Burning plastics releases toxic substances. Repeated exposure mainly affects children and vulnerable people.","Prefer sorting and removal through the collection services available.","Traduit","","INV-G-004","MINEPDED;MINSANTE","","","","En revue éditoriale","Standard","","2026-08-02 création v1 — rédaction initiale, français et anglais","","","","","","","","1.0"
"DUSSC-M10-006","DUSSC-M10-006-v1","1","2026-08-02","M10","Protection des points d'eau","Connaissance","Intermédiaire","A2;C1;C2","Question courante","Où faut-il implanter une latrine par rapport à un puits ?","[""Le plus près possible, pour des raisons pratiques"", ""Directement à côté, si le sol est sableux"", ""Peu importe, si la latrine est cimentée"", ""À bonne distance et en aval du puits, selon les recommandations des services compétents""]","D","Les infiltrations peuvent atteindre la nappe et contaminer le puits. La distance et la position par rapport à l'écoulement souterrain sont déterminantes.","Sollicitez l'avis du service d'hygiène ou du service de l'eau avant toute construction.","« Une latrine cimentée peut être placée n'importe où »","Where should a latrine be built in relation to a well?","[""As close as possible, for convenience"", ""Right beside it, if the soil is sandy"", ""It does not matter, if the latrine is lined with concrete"", ""At a good distance and downhill of the well, following the advice of the competent services""]","Seepage can reach the water table and contaminate the well. Distance and position relative to underground flow are decisive.","Seek advice from the hygiene or water service before building.","Traduit","","INV-G-004","MINEE;MINSANTE","","","","En revue éditoriale","Standard","","2026-08-02 création v1 — rédaction initiale, français et anglais","","","","","","","","1.0"
"DUSSC-M10-007","DUSSC-M10-007-v1","1","2026-08-02","M10","Déchets d'abattage","Situation","Intermédiaire","B3;B4;D2","Question courante","Que faire des déchets et des eaux issus d'une aire d'abattage ?","[""Les laisser s'écouler librement à proximité"", ""Les collecter et les éliminer selon les règles prévues, à distance des habitations et des points d'eau"", ""Les donner aux animaux errants"", ""Les enfouir sans précaution à côté de l'aire""]","B","Ces déchets attirent les animaux errants et les insectes, et contaminent le sol et l'eau. Leur gestion fait partie des règles d'exploitation d'une aire d'abattage.","Sollicitez l'appui du service vétérinaire et de la commune pour l'aménagement de l'aire.","« Les déchets d'abattage se dispersent naturellement »","What should be done with waste and waste water from a slaughter area?","[""Let it drain away freely nearby"", ""Collect and dispose of it under the applicable rules, away from homes and water points"", ""Give it to stray animals"", ""Bury it without precaution beside the area""]","This waste attracts stray animals and insects, and contaminates soil and water. Managing it is part of operating a slaughter area.","Seek support from the veterinary service and the council to equip the site.","Traduit","","INV-G-004","MINEPIA;MINEPDED","","","","En revue éditoriale","Standard","","2026-08-02 création v1 — rédaction initiale, français et anglais","","","","","","","","1.0"
"DUSSC-M10-008","DUSSC-M10-008-v1","1","2026-08-02","M10","Aires protégées","Attitude","Intermédiaire","B5;D2;C2","Question courante","Pourquoi les aires protégées sont-elles importantes pour la santé publique ?","[""Elles n'ont qu'un intérêt touristique"", ""Elles augmentent le risque de maladies"", ""Elles servent uniquement à protéger les espèces rares"", ""Elles maintiennent une séparation entre les populations et certains réservoirs de maladies présents dans la faune sauvage""]","D","En préservant les habitats naturels, elles limitent les contacts répétés entre faune sauvage, animaux domestiques et personnes.","Respectez les limites des aires protégées et signalez toute mortalité animale observée à proximité.","« Les aires protégées ne concernent que la conservation »","Why do protected areas matter for public health?","[""They are of interest only for tourism"", ""They increase the risk of disease"", ""They serve only to protect rare species"", ""They keep a separation between people and certain disease reservoirs present in wildlife""]","By preserving natural habitats, they limit repeated contact between wildlife, domestic animals and people.","Respect the limits of protected areas and report any animal deaths seen nearby.","Traduit","","INV-G-004","MINFOF;MINEPDED","","","","En revue éditoriale","Standard","","2026-08-02 création v1 — rédaction initiale, français et anglais","","","","","","","","1.0"
"DUSSC-M10-009","DUSSC-M10-009-v1","1","2026-08-02","M10","Climat et maladies","Connaissance","Intermédiaire","A3;C1;C2","Question courante","Comment les changements climatiques peuvent-ils influencer les maladies ?","[""Ils modifient la répartition des moustiques et d'autres vecteurs, et augmentent la fréquence des inondations et des sécheresses"", ""Ils n'ont aucun effet sur la santé"", ""Ils réduisent toujours le nombre de maladies"", ""Ils ne concernent que l'agriculture""]","A","Les modifications de température et de pluviométrie déplacent les zones où vivent les vecteurs et perturbent l'accès à l'eau potable.","Participez aux actions locales de gestion de l'eau et des déchets, qui réduisent ces effets.","« Le climat n'a rien à voir avec les maladies »","How can climate change affect diseases?","[""It shifts where mosquitoes and other vectors live, and increases floods and droughts"", ""It has no effect on health"", ""It always reduces the number of diseases"", ""It concerns agriculture only""]","Changes in temperature and rainfall move the areas where vectors live and disrupt access to safe drinking water.","Take part in local action on water and waste management, which reduces these effects.","Traduit","","INV-G-004","MINEPDED;MINSANTE","","","","En revue éditoriale","Standard","","2026-08-02 création v1 — rédaction initiale, français et anglais","","","","","","","","1.0"
"DUSSC-M10-010","DUSSC-M10-010-v1","1","2026-08-02","M10","Déchets à risque à domicile","Situation","Grand public","A1;A2;C1;D1","Question courante","Que faire d'une seringue ou d'un flacon de médicament usagé à la maison ?","[""Les jeter avec les ordures ménagères"", ""Les brûler dans la cour"", ""Les rapporter à une formation sanitaire ou à une pharmacie pour élimination sécurisée"", ""Les enterrer dans le jardin""]","C","Les objets piquants exposent les personnes qui manipulent les déchets à des blessures et à des infections. Leur élimination relève d'un circuit spécifique.","Rapportez ces déchets à la formation sanitaire la plus proche.","« Une seringue usagée est un déchet ordinaire »","What should be done with a used syringe or medicine bottle at home?","[""Throw them out with the household rubbish"", ""Burn them in the yard"", ""Return them to a health facility or pharmacy for safe disposal"", ""Bury them in the garden""]","Sharp objects expose those who handle waste to injury and infection. Their disposal follows a specific channel.","Take this waste to the nearest health facility.","Traduit","","INV-G-004","MINSANTE;MINEPDED","","","","En revue éditoriale","Standard","","2026-08-02 création v1 — rédaction initiale, français et anglais","","","","","","","","1.0"
"DUSSC-M11-001","DUSSC-M11-001-v1","1","2026-08-02","M11","Mortalité de faune sauvage","Situation","Professionnel","D1;D2;D3","Question courante","Vous constatez une mortalité inhabituelle d'oiseaux sauvages près d'un plan d'eau. Quelle est votre première action ?","[""Ramasser les carcasses pour les examiner"", ""Attendre d'autres cas avant d'agir"", ""Prendre des images à distance, sécuriser la zone, et notifier immédiatement les services vétérinaires et de la faune selon le circuit établi"", ""Informer uniquement ma hiérarchie directe""]","C","La sécurisation de la zone et la notification immédiate priment sur toute manipulation. Le prélèvement relève des équipes formées et équipées.","Appliquez le circuit de notification conjoint santé animale et faune sauvage.","« Il faut d'abord ramasser pour confirmer »","You observe unusual deaths among wild birds near a body of water. What is your first action?","[""Collect the carcasses to examine them"", ""Wait for further cases before acting"", ""Take images from a distance, secure the area, and notify the veterinary and wildlife services immediately through the established channel"", ""Inform only my immediate hierarchy""]","Securing the area and notifying immediately come before any handling. Sampling is for trained and equipped teams.","Follow the joint animal health and wildlife notification channel.","Traduit","","INV-B-015","MINEPIA;MINFOF","","","","En revue éditoriale","Standard","","2026-08-02 création v1 — rédaction initiale, français et anglais","","","","","","","","1.0"
"DUSSC-M11-002","DUSSC-M11-002-v1","1","2026-08-02","M11","Délais de notification","Connaissance","Professionnel","D1;D2","Question courante","Devant un événement sanitaire inhabituel, quel principe doit guider la notification ?","[""Notifier une fois le diagnostic confirmé"", ""Notifier sans délai dès la suspicion, selon le circuit et les délais prévus"", ""Notifier lors du rapport mensuel"", ""Notifier seulement si plusieurs cas sont recensés""]","B","La notification précoce sur suspicion est le principe de base de la surveillance. Attendre la confirmation fait perdre les heures les plus utiles à la riposte.","Respectez les délais fixés par les procédures nationales de surveillance.","« On ne notifie que ce qui est confirmé »","Faced with an unusual health event, which principle should guide notification?","[""Notify once the diagnosis is confirmed"", ""Notify without delay from the moment of suspicion, following the established channel and timelines"", ""Notify in the monthly report"", ""Notify only if several cases are recorded""]","Early notification on suspicion is the basic principle of surveillance. Waiting for confirmation wastes the most useful hours.","Respect the timelines set out in the national surveillance procedures.","Traduit","","INV-B-015","MINSANTE;MINEPIA","","","","En revue éditoriale","Standard","","2026-08-02 création v1 — rédaction initiale, français et anglais","","","","","","","","1.0"
"DUSSC-M11-003","DUSSC-M11-003-v1","1","2026-08-02","M11","Signaux issus de la communauté","Situation","Professionnel","D1;D2;D3","Question courante","Un habitant vous rapporte une information non confirmée sur des animaux morts dans un village voisin. Que faites-vous ?","[""Je l'écarte, faute de preuve"", ""Je demande à l'habitant d'aller vérifier lui-même"", ""J'attends qu'un second témoignage arrive"", ""Je documente le signalement, je le transmets selon le circuit prévu et je propose une vérification""]","D","La surveillance à base communautaire repose précisément sur ces signaux non confirmés. Les écarter revient à désactiver le système de détection précoce.","Documentez le signalement avec date, lieu et source, puis transmettez-le.","« Un signalement non confirmé ne se transmet pas »","A resident reports unconfirmed information about dead animals in a nearby village. What do you do?","[""I set it aside, there is no proof"", ""I ask the resident to go and check"", ""I wait for a second account"", ""I record the report, pass it on through the established channel and propose a verification""]","Community-based surveillance rests precisely on such unconfirmed signals. Setting them aside effectively switches off early detection.","Record the report with date, place and source, then pass it on.","Traduit","","INV-B-015","MINSANTE;MINEPIA","","","","En revue éditoriale","Standard","","2026-08-02 création v1 — rédaction initiale, français et anglais","","","","","","","","1.0"
"DUSSC-M11-004","DUSSC-M11-004-v1","1","2026-08-02","M11","Coordination intersectorielle","Connaissance","Professionnel","D1;D2;D3","Question courante","Lors d'une investigation à l'interface entre santé humaine et santé animale, quelle organisation est la plus efficace ?","[""Chaque secteur mène son investigation séparément et compare les résultats plus tard"", ""Une investigation conjointe, avec partage des informations en temps réel et un point focal de coordination"", ""Le secteur de la santé humaine dirige seul"", ""Le secteur vétérinaire dirige seul""]","B","Les investigations séparées produisent des conclusions partielles et parfois contradictoires. L'investigation conjointe est le cœur opérationnel de l'approche Une Seule Santé.","Désignez un point focal de coordination dès le déclenchement de l'investigation.","« Chaque secteur enquête de son côté »","During an investigation at the human–animal interface, which arrangement works best?","[""Each sector investigates separately and compares results later"", ""A joint investigation, sharing information in real time with a coordination focal point"", ""The human health sector leads alone"", ""The veterinary sector leads alone""]","Separate investigations produce partial and sometimes conflicting conclusions. Joint investigation is the operational core of the One Health approach.","Appoint a coordination focal point as soon as the investigation begins.","Traduit","","INV-B-015","MINSANTE;MINEPIA;MINFOF","","","","En revue éditoriale","Standard","","2026-08-02 création v1 — rédaction initiale, français et anglais","","","","","","","","1.0"
"DUSSC-M11-005","DUSSC-M11-005-v1","1","2026-08-02","M11","Protection individuelle en investigation","Connaissance","Professionnel","D1;D2","Question courante","Avant toute intervention sur un foyer suspect, quelle est la priorité de l'équipe ?","[""Recueillir le maximum d'échantillons rapidement"", ""Rassurer la population avant l'évaluation"", ""Interroger d'abord la presse locale"", ""Évaluer le risque, s'équiper selon le protocole et définir les périmètres avant toute manipulation""]","D","Une équipe contaminée devient elle-même un vecteur et compromet toute l'investigation. L'évaluation du risque précède systématiquement l'action.","Appliquez le protocole national de protection et vérifiez l'équipement avant le départ.","« L'urgence justifie d'intervenir sans équipement »","Before any intervention on a suspected outbreak, what is the team's priority?","[""Collecting as many samples as possible, quickly"", ""Reassuring the population before the assessment"", ""Speaking to the local press first"", ""Assessing the risk, equipping according to protocol and setting the perimeters before any handling""]","A contaminated team becomes a carrier itself and compromises the whole investigation. Risk assessment always comes before action.","Apply the national protection protocol and check equipment before departure.","Traduit","","INV-B-015","MINSANTE;MINEPIA","","","","En revue éditoriale","Standard","","2026-08-02 création v1 — rédaction initiale, français et anglais","","","","","","","","1.0"
"DUSSC-M11-006","DUSSC-M11-006-v1","1","2026-08-02","M11","Prélèvements","Connaissance","Professionnel","D1;D2","Question courante","Qu'est-ce qui conditionne le plus la fiabilité d'un résultat de laboratoire ?","[""La qualité du prélèvement, son identification, ses conditions de conservation et de transport"", ""La rapidité du transport uniquement"", ""La réputation du laboratoire"", ""Le nombre d'échantillons prélevés""]","A","Un prélèvement mal identifié ou mal conservé produit un résultat ininterprétable, quelle que soit la qualité du laboratoire.","Respectez les procédures d'identification, de conservation et de transport des échantillons.","« Seul le laboratoire détermine la fiabilité du résultat »","What most determines the reliability of a laboratory result?","[""The quality of the sample, its labelling, and its storage and transport conditions"", ""Speed of transport alone"", ""The laboratory's reputation"", ""The number of samples taken""]","A badly labelled or badly stored sample gives a result that cannot be interpreted, whatever the quality of the laboratory.","Follow the procedures for labelling, storing and transporting samples.","Traduit","","INV-B-015","MINSANTE;MINEPIA","","","","En revue éditoriale","Standard","","2026-08-02 création v1 — rédaction initiale, français et anglais","","","","","","","","1.0"
"DUSSC-M11-007","DUSSC-M11-007-v1","1","2026-08-02","M11","Retour d'information","Attitude","Professionnel","D1;D2;D3","Question courante","Après une investigation dans une communauté, quelle pratique renforce le plus la surveillance future ?","[""Ne rien communiquer pour éviter l'inquiétude"", ""Communiquer uniquement à la hiérarchie"", ""Restituer les résultats et les mesures prises à la communauté qui a signalé l'événement"", ""Communiquer seulement en cas de résultat positif""]","C","Une communauté qui ne reçoit jamais de retour cesse de signaler. La restitution est ce qui entretient la surveillance à base communautaire.","Prévoyez systématiquement une restitution aux relais communautaires après investigation.","« Le retour à la communauté est facultatif »","After an investigation in a community, which practice most strengthens future surveillance?","[""Communicating nothing, to avoid alarm"", ""Communicating only to the hierarchy"", ""Reporting the results and the measures taken back to the community that raised the alert"", ""Communicating only if the result is positive""]","A community that never receives feedback stops reporting. Feedback is what sustains community-based surveillance.","Always plan a feedback session with community relays after an investigation.","Traduit","","INV-B-015","MINSANTE;MINCOM","","","","En revue éditoriale","Standard","","2026-08-02 création v1 — rédaction initiale, français et anglais","","","","","","","","1.0"
"DUSSC-M11-008","DUSSC-M11-008-v1","1","2026-08-02","M11","Circuit d'information","Orientation","Professionnel","D1;D2;D3","Question courante","Un événement concerne à la fois des animaux domestiques, de la faune sauvage et des personnes. Qui doit être informé ?","[""Uniquement le service dont relève l'agent qui constate"", ""Uniquement l'autorité administrative"", ""Les services de santé humaine, de santé animale et des forêts et de la faune, selon le circuit conjoint"", ""Uniquement le laboratoire de référence""]","C","Informer un seul secteur laisse les autres composantes du risque sans réponse et retarde la coordination de la riposte.","Appliquez le circuit conjoint de notification et documentez chaque transmission.","« Chacun informe uniquement son propre service »","An event involves domestic animals, wildlife and people at the same time. Who must be informed?","[""Only the service of the officer who observes it"", ""The administrative authority only"", ""The human health, animal health and forestry and wildlife services, through the joint channel"", ""The reference laboratory only""]","Informing a single sector leaves the other parts of the risk unanswered and delays coordination of the response.","Follow the joint notification channel and record every transmission.","Traduit","","INV-B-015","MINSANTE;MINEPIA;MINFOF","","","","En revue éditoriale","Standard","","2026-08-02 création v1 — rédaction initiale, français et anglais","","","","","","","","1.0"
